k141_91120	196162	species	Nocardioides sp. JS614	1	1	1	1.000	unknown;Actinomycetota;Nocardioidaceae	-_cellular organisms;d_Bacteria;-_Terrabacteria group;p_Actinomycetota;c_Actinomycetes;o_Propionibacteriales;f_Nocardioidaceae;g_Nocardioides;-_unclassified Nocardioides;s_Nocardioides sp. JS614
k141_113002	2681617	no rank	Escherichia phage HK97	1	1	1	1.000	Heunggongvirae;Uroviricota;unknown	d_Viruses;-_Duplodnaviria;k_Heunggongvirae;p_Uroviricota;c_Caudoviricetes;-_Hendrixvirinae;g_Byrnievirus;s_Byrnievirus HK97;-_Escherichia phage HK97
k141_50618	208964	strain	Pseudomonas aeruginosa PAO1	1	1	1	1.000	unknown;Pseudomonadota;Pseudomonadaceae	-_cellular organisms;d_Bacteria;p_Pseudomonadota;c_Gammaproteobacteria;o_Pseudomonadales;f_Pseudomonadaceae;g_Pseudomonas;-_Pseudomonas aeruginosa group;s_Pseudomonas aeruginosa;-_Pseudomonas aeruginosa PAO1
k141_91160	1783272	clade	Terrabacteria group	1	1	1	1.000	unknown;unknown;unknown	-_cellular organisms;d_Bacteria;-_Terrabacteria group
k141_113021	0	no rank	unclassified	1	0	0	0.000		
k141_25116	1773	species	Mycobacterium tuberculosis	2	2	1	0.500	unknown;Actinomycetota;Mycobacteriaceae	-_cellular organisms;d_Bacteria;-_Terrabacteria group;p_Actinomycetota;c_Actinomycetes;o_Corynebacteriales;f_Mycobacteriaceae;g_Mycobacterium;-_Mycobacterium tuberculosis complex;s_Mycobacterium tuberculosis
k141_21843	471855	strain	Slackia heliotrinireducens DSM 20476	1	1	1	1.000	unknown;Actinomycetota;Eggerthellaceae	-_cellular organisms;d_Bacteria;-_Terrabacteria group;p_Actinomycetota;c_Coriobacteriia;o_Eggerthellales;f_Eggerthellaceae;g_Slackia;s_Slackia heliotrinireducens;-_Slackia heliotrinireducens DSM 20476
k141_97286	1760	class	Actinomycetes	2	2	1	0.500	unknown;Actinomycetota;uc_Actinomycetes	-_cellular organisms;d_Bacteria;-_Terrabacteria group;p_Actinomycetota;c_Actinomycetes
k141_50895	543	family	Enterobacteriaceae	1	1	1	1.000	unknown;Pseudomonadota;Enterobacteriaceae	-_cellular organisms;d_Bacteria;p_Pseudomonadota;c_Gammaproteobacteria;o_Enterobacterales;f_Enterobacteriaceae
k141_25272	471853	strain	Beutenbergia cavernae DSM 12333	1	1	1	1.000	unknown;Actinomycetota;Beutenbergiaceae	-_cellular organisms;d_Bacteria;-_Terrabacteria group;p_Actinomycetota;c_Actinomycetes;o_Micrococcales;f_Beutenbergiaceae;g_Beutenbergia;s_Beutenbergia cavernae;-_Beutenbergia cavernae DSM 12333
k141_27276	1760	class	Actinomycetes	1	1	1	1.000	unknown;Actinomycetota;uc_Actinomycetes	-_cellular organisms;d_Bacteria;-_Terrabacteria group;p_Actinomycetota;c_Actinomycetes
k141_74608	2	superkingdom	Bacteria	2	2	1	0.500	uc_Bacteria;uc_Bacteria;uc_Bacteria	-_cellular organisms;d_Bacteria
k141_41910	85006	order	Micrococcales	1	1	1	1.000	unknown;Actinomycetota;uc_Micrococcales	-_cellular organisms;d_Bacteria;-_Terrabacteria group;p_Actinomycetota;c_Actinomycetes;o_Micrococcales
k141_27349	1760	class	Actinomycetes	1	1	1	1.000	unknown;Actinomycetota;uc_Actinomycetes	-_cellular organisms;d_Bacteria;-_Terrabacteria group;p_Actinomycetota;c_Actinomycetes
k141_34972	1773	species	Mycobacterium tuberculosis	1	1	1	1.000	unknown;Actinomycetota;Mycobacteriaceae	-_cellular organisms;d_Bacteria;-_Terrabacteria group;p_Actinomycetota;c_Actinomycetes;o_Corynebacteriales;f_Mycobacteriaceae;g_Mycobacterium;-_Mycobacterium tuberculosis complex;s_Mycobacterium tuberculosis
k141_99931	218491	strain	Pectobacterium atrosepticum SCRI1043	1	1	1	1.000	unknown;Pseudomonadota;Pectobacteriaceae	-_cellular organisms;d_Bacteria;p_Pseudomonadota;c_Gammaproteobacteria;o_Enterobacterales;f_Pectobacteriaceae;g_Pectobacterium;s_Pectobacterium atrosepticum;-_Pectobacterium atrosepticum SCRI1043
k141_52875	257309	strain	Corynebacterium diphtheriae NCTC 13129	1	1	1	1.000	unknown;Actinomycetota;Corynebacteriaceae	-_cellular organisms;d_Bacteria;-_Terrabacteria group;p_Actinomycetota;c_Actinomycetes;o_Corynebacteriales;f_Corynebacteriaceae;g_Corynebacterium;s_Corynebacterium diphtheriae;-_Corynebacterium diphtheriae NCTC 13129
k141_52878	224308	strain	Bacillus subtilis subsp. subtilis str. 168	1	1	1	1.000	unknown;Bacillota;Bacillaceae	-_cellular organisms;d_Bacteria;-_Terrabacteria group;p_Bacillota;c_Bacilli;o_Bacillales;f_Bacillaceae;g_Bacillus;-_Bacillus subtilis group;s_Bacillus subtilis;-_Bacillus subtilis subsp. subtilis;-_Bacillus subtilis subsp. subtilis str. 168
k141_19751	269800	strain	Thermobifida fusca YX	1	1	1	1.000	unknown;Actinomycetota;Nocardiopsaceae	-_cellular organisms;d_Bacteria;-_Terrabacteria group;p_Actinomycetota;c_Actinomycetes;o_Streptosporangiales;f_Nocardiopsaceae;g_Thermobifida;s_Thermobifida fusca;-_Thermobifida fusca YX
k141_96622	131567	no rank	cellular organisms	1	1	1	1.000	unknown;unknown;unknown	-_cellular organisms
k141_28926	1061	species	Rhodobacter capsulatus	1	1	1	1.000	unknown;Pseudomonadota;Paracoccaceae	-_cellular organisms;d_Bacteria;p_Pseudomonadota;c_Alphaproteobacteria;o_Rhodobacterales;f_Paracoccaceae;g_Rhodobacter;s_Rhodobacter capsulatus
k141_87392	1883	genus	Streptomyces	1	1	1	1.000	unknown;Actinomycetota;Streptomycetaceae	-_cellular organisms;d_Bacteria;-_Terrabacteria group;p_Actinomycetota;c_Actinomycetes;o_Streptomycetales;f_Streptomycetaceae;g_Streptomyces
k141_76422	28238	species	Caldicellulosiruptor sp. Rt8B.4	2	2	1	0.500	unknown;Bacillota;Thermoanaerobacterales Family III. Incertae Sedis	-_cellular organisms;d_Bacteria;-_Terrabacteria group;p_Bacillota;c_Clostridia;o_Thermoanaerobacterales;f_Thermoanaerobacterales Family III. Incertae Sedis;g_Caldicellulosiruptor;-_unclassified Caldicellulosiruptor;s_Caldicellulosiruptor sp. Rt8B.4
k141_94768	208964	strain	Pseudomonas aeruginosa PAO1	1	1	1	1.000	unknown;Pseudomonadota;Pseudomonadaceae	-_cellular organisms;d_Bacteria;p_Pseudomonadota;c_Gammaproteobacteria;o_Pseudomonadales;f_Pseudomonadaceae;g_Pseudomonas;-_Pseudomonas aeruginosa group;s_Pseudomonas aeruginosa;-_Pseudomonas aeruginosa PAO1
k141_43763	85007	order	Corynebacteriales	2	2	1	0.500	unknown;Actinomycetota;uc_Corynebacteriales	-_cellular organisms;d_Bacteria;-_Terrabacteria group;p_Actinomycetota;c_Actinomycetes;o_Corynebacteriales
k141_24915	1883	genus	Streptomyces	2	2	1	0.500	unknown;Actinomycetota;Streptomycetaceae	-_cellular organisms;d_Bacteria;-_Terrabacteria group;p_Actinomycetota;c_Actinomycetes;o_Streptomycetales;f_Streptomycetaceae;g_Streptomyces
k141_47206	1773	species	Mycobacterium tuberculosis	2	2	1	0.500	unknown;Actinomycetota;Mycobacteriaceae	-_cellular organisms;d_Bacteria;-_Terrabacteria group;p_Actinomycetota;c_Actinomycetes;o_Corynebacteriales;f_Mycobacteriaceae;g_Mycobacterium;-_Mycobacterium tuberculosis complex;s_Mycobacterium tuberculosis
k141_47229	83333	strain	Escherichia coli K-12	1	1	1	1.000	unknown;Pseudomonadota;Enterobacteriaceae	-_cellular organisms;d_Bacteria;p_Pseudomonadota;c_Gammaproteobacteria;o_Enterobacterales;f_Enterobacteriaceae;g_Escherichia;s_Escherichia coli;-_Escherichia coli K-12
k141_40087	1762	family	Mycobacteriaceae	1	1	1	1.000	unknown;Actinomycetota;Mycobacteriaceae	-_cellular organisms;d_Bacteria;-_Terrabacteria group;p_Actinomycetota;c_Actinomycetes;o_Corynebacteriales;f_Mycobacteriaceae
k141_50499	1773	species	Mycobacterium tuberculosis	2	2	1	0.500	unknown;Actinomycetota;Mycobacteriaceae	-_cellular organisms;d_Bacteria;-_Terrabacteria group;p_Actinomycetota;c_Actinomycetes;o_Corynebacteriales;f_Mycobacteriaceae;g_Mycobacterium;-_Mycobacterium tuberculosis complex;s_Mycobacterium tuberculosis
k141_6035	1773	species	Mycobacterium tuberculosis	2	2	2	1.000	unknown;Actinomycetota;Mycobacteriaceae	-_cellular organisms;d_Bacteria;-_Terrabacteria group;p_Actinomycetota;c_Actinomycetes;o_Corynebacteriales;f_Mycobacteriaceae;g_Mycobacterium;-_Mycobacterium tuberculosis complex;s_Mycobacterium tuberculosis
k141_55842	1760	class	Actinomycetes	6	6	5	0.830	unknown;Actinomycetota;uc_Actinomycetes	-_cellular organisms;d_Bacteria;-_Terrabacteria group;p_Actinomycetota;c_Actinomycetes
k141_86036	455632	strain	Streptomyces griseus subsp. griseus NBRC 13350	1	1	1	1.000	unknown;Actinomycetota;Streptomycetaceae	-_cellular organisms;d_Bacteria;-_Terrabacteria group;p_Actinomycetota;c_Actinomycetes;o_Streptomycetales;f_Streptomycetaceae;g_Streptomyces;-_Streptomyces griseus group;-_Streptomyces griseus subgroup;s_Streptomyces griseus;-_Streptomyces griseus subsp. griseus;-_Streptomyces griseus subsp. griseus NBRC 13350
k141_86042	85007	order	Corynebacteriales	2	2	1	0.500	unknown;Actinomycetota;uc_Corynebacteriales	-_cellular organisms;d_Bacteria;-_Terrabacteria group;p_Actinomycetota;c_Actinomycetes;o_Corynebacteriales
k141_75399	269800	strain	Thermobifida fusca YX	2	2	1	0.500	unknown;Actinomycetota;Nocardiopsaceae	-_cellular organisms;d_Bacteria;-_Terrabacteria group;p_Actinomycetota;c_Actinomycetes;o_Streptosporangiales;f_Nocardiopsaceae;g_Thermobifida;s_Thermobifida fusca;-_Thermobifida fusca YX
k141_108346	2	superkingdom	Bacteria	1	1	1	1.000	uc_Bacteria;uc_Bacteria;uc_Bacteria	-_cellular organisms;d_Bacteria
k141_31759	1236	class	Gammaproteobacteria	1	1	1	1.000	unknown;Pseudomonadota;uc_Gammaproteobacteria	-_cellular organisms;d_Bacteria;p_Pseudomonadota;c_Gammaproteobacteria
k141_13406	1385	order	Bacillales	1	1	1	1.000	unknown;Bacillota;uc_Bacillales	-_cellular organisms;d_Bacteria;-_Terrabacteria group;p_Bacillota;c_Bacilli;o_Bacillales
k141_9690	1763	genus	Mycobacterium	1	1	1	1.000	unknown;Actinomycetota;Mycobacteriaceae	-_cellular organisms;d_Bacteria;-_Terrabacteria group;p_Actinomycetota;c_Actinomycetes;o_Corynebacteriales;f_Mycobacteriaceae;g_Mycobacterium
k141_56095	1760	class	Actinomycetes	4	4	3	0.750	unknown;Actinomycetota;uc_Actinomycetes	-_cellular organisms;d_Bacteria;-_Terrabacteria group;p_Actinomycetota;c_Actinomycetes
k141_43895	91061	class	Bacilli	1	1	1	1.000	unknown;Bacillota;uc_Bacilli	-_cellular organisms;d_Bacteria;-_Terrabacteria group;p_Bacillota;c_Bacilli
k141_65775	85007	order	Corynebacteriales	1	1	1	1.000	unknown;Actinomycetota;uc_Corynebacteriales	-_cellular organisms;d_Bacteria;-_Terrabacteria group;p_Actinomycetota;c_Actinomycetes;o_Corynebacteriales
k141_36566	1760	class	Actinomycetes	1	1	1	1.000	unknown;Actinomycetota;uc_Actinomycetes	-_cellular organisms;d_Bacteria;-_Terrabacteria group;p_Actinomycetota;c_Actinomycetes
k141_40244	1773	species	Mycobacterium tuberculosis	1	1	1	1.000	unknown;Actinomycetota;Mycobacteriaceae	-_cellular organisms;d_Bacteria;-_Terrabacteria group;p_Actinomycetota;c_Actinomycetes;o_Corynebacteriales;f_Mycobacteriaceae;g_Mycobacterium;-_Mycobacterium tuberculosis complex;s_Mycobacterium tuberculosis
k141_3822	1773	species	Mycobacterium tuberculosis	2	2	1	0.500	unknown;Actinomycetota;Mycobacteriaceae	-_cellular organisms;d_Bacteria;-_Terrabacteria group;p_Actinomycetota;c_Actinomycetes;o_Corynebacteriales;f_Mycobacteriaceae;g_Mycobacterium;-_Mycobacterium tuberculosis complex;s_Mycobacterium tuberculosis
k141_109587	266940	strain	Kineococcus radiotolerans SRS30216 = ATCC BAA-149	2	2	1	0.500	unknown;Actinomycetota;Kineosporiaceae	-_cellular organisms;d_Bacteria;-_Terrabacteria group;p_Actinomycetota;c_Actinomycetes;o_Kineosporiales;f_Kineosporiaceae;g_Kineococcus;s_Kineococcus radiotolerans;-_Kineococcus radiotolerans SRS30216 = ATCC BAA-149
k141_40292	517	genus	Bordetella	1	1	1	1.000	unknown;Pseudomonadota;Alcaligenaceae	-_cellular organisms;d_Bacteria;p_Pseudomonadota;c_Betaproteobacteria;o_Burkholderiales;f_Alcaligenaceae;g_Bordetella
k141_11110	2	superkingdom	Bacteria	1	1	1	1.000	uc_Bacteria;uc_Bacteria;uc_Bacteria	-_cellular organisms;d_Bacteria
k141_83997	100226	strain	Streptomyces coelicolor A3(2)	2	2	1	0.500	unknown;Actinomycetota;Streptomycetaceae	-_cellular organisms;d_Bacteria;-_Terrabacteria group;p_Actinomycetota;c_Actinomycetes;o_Streptomycetales;f_Streptomycetaceae;g_Streptomyces;-_Streptomyces albidoflavus group;s_Streptomyces coelicolor;-_Streptomyces coelicolor A3(2)
k141_98565	471853	strain	Beutenbergia cavernae DSM 12333	1	1	1	1.000	unknown;Actinomycetota;Beutenbergiaceae	-_cellular organisms;d_Bacteria;-_Terrabacteria group;p_Actinomycetota;c_Actinomycetes;o_Micrococcales;f_Beutenbergiaceae;g_Beutenbergia;s_Beutenbergia cavernae;-_Beutenbergia cavernae DSM 12333
k141_18010	131567	no rank	cellular organisms	1	1	1	1.000	unknown;unknown;unknown	-_cellular organisms
k141_83713	1883	genus	Streptomyces	2	2	1	0.500	unknown;Actinomycetota;Streptomycetaceae	-_cellular organisms;d_Bacteria;-_Terrabacteria group;p_Actinomycetota;c_Actinomycetes;o_Streptomycetales;f_Streptomycetaceae;g_Streptomyces
k141_87050	1762	family	Mycobacteriaceae	1	1	1	1.000	unknown;Actinomycetota;Mycobacteriaceae	-_cellular organisms;d_Bacteria;-_Terrabacteria group;p_Actinomycetota;c_Actinomycetes;o_Corynebacteriales;f_Mycobacteriaceae
k141_21144	5052	genus	Aspergillus	1	1	1	1.000	Fungi;Ascomycota;Aspergillaceae	-_cellular organisms;d_Eukaryota;-_Opisthokonta;k_Fungi;-_Dikarya;p_Ascomycota;-_saccharomyceta;-_Pezizomycotina;-_leotiomyceta;c_Eurotiomycetes;-_Eurotiomycetidae;o_Eurotiales;f_Aspergillaceae;g_Aspergillus
k141_14262	0	no rank	unclassified	1	0	0	0.000		
k141_50143	226900	strain	Bacillus cereus ATCC 14579	1	1	1	1.000	unknown;Bacillota;Bacillaceae	-_cellular organisms;d_Bacteria;-_Terrabacteria group;p_Bacillota;c_Bacilli;o_Bacillales;f_Bacillaceae;g_Bacillus;-_Bacillus cereus group;s_Bacillus cereus;-_Bacillus cereus ATCC 14579
k141_94461	41294	family	Nitrobacteraceae	1	1	1	1.000	unknown;Pseudomonadota;Nitrobacteraceae	-_cellular organisms;d_Bacteria;p_Pseudomonadota;c_Alphaproteobacteria;o_Hyphomicrobiales;f_Nitrobacteraceae
k141_76170	1883	genus	Streptomyces	2	1	1	1.000	unknown;Actinomycetota;Streptomycetaceae	-_cellular organisms;d_Bacteria;-_Terrabacteria group;p_Actinomycetota;c_Actinomycetes;o_Streptomycetales;f_Streptomycetaceae;g_Streptomyces
k141_18130	1773	species	Mycobacterium tuberculosis	1	1	1	1.000	unknown;Actinomycetota;Mycobacteriaceae	-_cellular organisms;d_Bacteria;-_Terrabacteria group;p_Actinomycetota;c_Actinomycetes;o_Corynebacteriales;f_Mycobacteriaceae;g_Mycobacterium;-_Mycobacterium tuberculosis complex;s_Mycobacterium tuberculosis
k141_97070	2	superkingdom	Bacteria	1	1	1	1.000	uc_Bacteria;uc_Bacteria;uc_Bacteria	-_cellular organisms;d_Bacteria
k141_89105	309799	strain	Dictyoglomus thermophilum H-6-12	2	2	1	0.500	unknown;Dictyoglomi;Dictyoglomaceae	-_cellular organisms;d_Bacteria;p_Dictyoglomi;c_Dictyoglomia;o_Dictyoglomales;f_Dictyoglomaceae;g_Dictyoglomus;s_Dictyoglomus thermophilum;-_Dictyoglomus thermophilum H-6-12
k141_23358	1763	genus	Mycobacterium	2	2	2	1.000	unknown;Actinomycetota;Mycobacteriaceae	-_cellular organisms;d_Bacteria;-_Terrabacteria group;p_Actinomycetota;c_Actinomycetes;o_Corynebacteriales;f_Mycobacteriaceae;g_Mycobacterium
k141_19846	1762	family	Mycobacteriaceae	1	1	1	1.000	unknown;Actinomycetota;Mycobacteriaceae	-_cellular organisms;d_Bacteria;-_Terrabacteria group;p_Actinomycetota;c_Actinomycetes;o_Corynebacteriales;f_Mycobacteriaceae
k141_60487	0	no rank	unclassified	1	0	0	0.000		
k141_19851	131567	no rank	cellular organisms	1	1	1	1.000	unknown;unknown;unknown	-_cellular organisms
k141_89127	33213	clade	Bilateria	1	1	1	1.000	Metazoa;unknown;unknown	-_cellular organisms;d_Eukaryota;-_Opisthokonta;k_Metazoa;-_Eumetazoa;-_Bilateria
k141_107720	34	species	Myxococcus xanthus	1	1	1	1.000	unknown;Pseudomonadota;Myxococcaceae	-_cellular organisms;d_Bacteria;p_Pseudomonadota;-_delta/epsilon subdivisions;c_Deltaproteobacteria;o_Myxococcales;-_Cystobacterineae;f_Myxococcaceae;g_Myxococcus;s_Myxococcus xanthus
k141_104171	131567	no rank	cellular organisms	1	1	1	1.000	unknown;unknown;unknown	-_cellular organisms
k141_38399	0	no rank	unclassified	1	0	0	0.000		
k141_53035	2	superkingdom	Bacteria	3	3	3	1.000	uc_Bacteria;uc_Bacteria;uc_Bacteria	-_cellular organisms;d_Bacteria
k141_61206	1760	class	Actinomycetes	1	1	1	1.000	unknown;Actinomycetota;uc_Actinomycetes	-_cellular organisms;d_Bacteria;-_Terrabacteria group;p_Actinomycetota;c_Actinomycetes
k141_46220	83333	strain	Escherichia coli K-12	2	2	1	0.500	unknown;Pseudomonadota;Enterobacteriaceae	-_cellular organisms;d_Bacteria;p_Pseudomonadota;c_Gammaproteobacteria;o_Enterobacterales;f_Enterobacteriaceae;g_Escherichia;s_Escherichia coli;-_Escherichia coli K-12
k141_13473	83332	strain	Mycobacterium tuberculosis H37Rv	1	1	1	1.000	unknown;Actinomycetota;Mycobacteriaceae	-_cellular organisms;d_Bacteria;-_Terrabacteria group;p_Actinomycetota;c_Actinomycetes;o_Corynebacteriales;f_Mycobacteriaceae;g_Mycobacterium;-_Mycobacterium tuberculosis complex;s_Mycobacterium tuberculosis;-_Mycobacterium tuberculosis H37Rv
k141_56182	1773	species	Mycobacterium tuberculosis	2	2	2	1.000	unknown;Actinomycetota;Mycobacteriaceae	-_cellular organisms;d_Bacteria;-_Terrabacteria group;p_Actinomycetota;c_Actinomycetes;o_Corynebacteriales;f_Mycobacteriaceae;g_Mycobacterium;-_Mycobacterium tuberculosis complex;s_Mycobacterium tuberculosis
k141_28084	85007	order	Corynebacteriales	2	2	2	1.000	unknown;Actinomycetota;uc_Corynebacteriales	-_cellular organisms;d_Bacteria;-_Terrabacteria group;p_Actinomycetota;c_Actinomycetes;o_Corynebacteriales
k141_93680	1883	genus	Streptomyces	2	2	1	0.500	unknown;Actinomycetota;Streptomycetaceae	-_cellular organisms;d_Bacteria;-_Terrabacteria group;p_Actinomycetota;c_Actinomycetes;o_Streptomycetales;f_Streptomycetaceae;g_Streptomyces
k141_75558	1762	family	Mycobacteriaceae	2	2	1	0.500	unknown;Actinomycetota;Mycobacteriaceae	-_cellular organisms;d_Bacteria;-_Terrabacteria group;p_Actinomycetota;c_Actinomycetes;o_Corynebacteriales;f_Mycobacteriaceae
k141_56191	131567	no rank	cellular organisms	1	1	1	1.000	unknown;unknown;unknown	-_cellular organisms
k141_93708	100226	strain	Streptomyces coelicolor A3(2)	2	2	1	0.500	unknown;Actinomycetota;Streptomycetaceae	-_cellular organisms;d_Bacteria;-_Terrabacteria group;p_Actinomycetota;c_Actinomycetes;o_Streptomycetales;f_Streptomycetaceae;g_Streptomyces;-_Streptomyces albidoflavus group;s_Streptomyces coelicolor;-_Streptomyces coelicolor A3(2)
k141_111949	83332	strain	Mycobacterium tuberculosis H37Rv	2	2	1	0.500	unknown;Actinomycetota;Mycobacteriaceae	-_cellular organisms;d_Bacteria;-_Terrabacteria group;p_Actinomycetota;c_Actinomycetes;o_Corynebacteriales;f_Mycobacteriaceae;g_Mycobacterium;-_Mycobacterium tuberculosis complex;s_Mycobacterium tuberculosis;-_Mycobacterium tuberculosis H37Rv
k141_11478	1111708	no rank	Synechocystis sp. PCC 6803 substr. Kazusa	1	1	1	1.000	unknown;Cyanobacteriota;Merismopediaceae	-_cellular organisms;d_Bacteria;-_Terrabacteria group;-_Cyanobacteriota/Melainabacteria group;p_Cyanobacteriota;c_Cyanophyceae;o_Synechococcales;f_Merismopediaceae;g_Synechocystis;-_unclassified Synechocystis;s_Synechocystis sp. PCC 6803;-_Synechocystis sp. PCC 6803 substr. Kazusa
k141_33376	243231	strain	Geobacter sulfurreducens PCA	2	2	1	0.500	unknown;Pseudomonadota;Geobacteraceae	-_cellular organisms;d_Bacteria;p_Pseudomonadota;-_delta/epsilon subdivisions;c_Deltaproteobacteria;o_Desulfuromonadales;f_Geobacteraceae;g_Geobacter;s_Geobacter sulfurreducens;-_Geobacter sulfurreducens PCA
k141_84307	1762	family	Mycobacteriaceae	1	1	1	1.000	unknown;Actinomycetota;Mycobacteriaceae	-_cellular organisms;d_Bacteria;-_Terrabacteria group;p_Actinomycetota;c_Actinomycetes;o_Corynebacteriales;f_Mycobacteriaceae
k141_113431	2759	superkingdom	Eukaryota	1	1	1	1.000	uc_Eukaryota;uc_Eukaryota;uc_Eukaryota	-_cellular organisms;d_Eukaryota
k141_11542	0	no rank	unclassified	1	0	0	0.000		
k141_98951	85006	order	Micrococcales	1	1	1	1.000	unknown;Actinomycetota;uc_Micrococcales	-_cellular organisms;d_Bacteria;-_Terrabacteria group;p_Actinomycetota;c_Actinomycetes;o_Micrococcales
k141_11568	1760	class	Actinomycetes	3	3	3	1.000	unknown;Actinomycetota;uc_Actinomycetes	-_cellular organisms;d_Bacteria;-_Terrabacteria group;p_Actinomycetota;c_Actinomycetes
k141_51693	766760	strain	Bacillus paralicheniformis ATCC 9945a	1	1	1	1.000	unknown;Bacillota;Bacillaceae	-_cellular organisms;d_Bacteria;-_Terrabacteria group;p_Bacillota;c_Bacilli;o_Bacillales;f_Bacillaceae;g_Bacillus;-_Bacillus subtilis group;s_Bacillus paralicheniformis;-_Bacillus paralicheniformis ATCC 9945a
k141_14986	246196	strain	Mycolicibacterium smegmatis MC2 155	1	1	1	1.000	unknown;Actinomycetota;Mycobacteriaceae	-_cellular organisms;d_Bacteria;-_Terrabacteria group;p_Actinomycetota;c_Actinomycetes;o_Corynebacteriales;f_Mycobacteriaceae;g_Mycolicibacterium;s_Mycolicibacterium smegmatis;-_Mycolicibacterium smegmatis MC2 155
k141_4246	479435	strain	Kribbella flavida DSM 17836	1	1	1	1.000	unknown;Actinomycetota;Kribbellaceae	-_cellular organisms;d_Bacteria;-_Terrabacteria group;p_Actinomycetota;c_Actinomycetes;o_Propionibacteriales;f_Kribbellaceae;g_Kribbella;s_Kribbella flavida;-_Kribbella flavida DSM 17836
k141_71117	1760	class	Actinomycetes	1	1	1	1.000	unknown;Actinomycetota;uc_Actinomycetes	-_cellular organisms;d_Bacteria;-_Terrabacteria group;p_Actinomycetota;c_Actinomycetes
k141_5026	2	superkingdom	Bacteria	1	1	1	1.000	uc_Bacteria;uc_Bacteria;uc_Bacteria	-_cellular organisms;d_Bacteria
k141_41416	2881426	family	Prochlorococcaceae	1	1	1	1.000	unknown;Cyanobacteriota;Prochlorococcaceae	-_cellular organisms;d_Bacteria;-_Terrabacteria group;-_Cyanobacteriota/Melainabacteria group;p_Cyanobacteriota;c_Cyanophyceae;o_Synechococcales;f_Prochlorococcaceae
k141_114293	284812	strain	Schizosaccharomyces pombe 972h-	2	2	1	0.500	Fungi;Ascomycota;Schizosaccharomycetaceae	-_cellular organisms;d_Eukaryota;-_Opisthokonta;k_Fungi;-_Dikarya;p_Ascomycota;-_Taphrinomycotina;c_Schizosaccharomycetes;o_Schizosaccharomycetales;f_Schizosaccharomycetaceae;g_Schizosaccharomyces;s_Schizosaccharomyces pombe;-_Schizosaccharomyces pombe 972h-
k141_114294	1883	genus	Streptomyces	1	1	1	1.000	unknown;Actinomycetota;Streptomycetaceae	-_cellular organisms;d_Bacteria;-_Terrabacteria group;p_Actinomycetota;c_Actinomycetes;o_Streptomycetales;f_Streptomycetaceae;g_Streptomyces
k141_59828	1763	genus	Mycobacterium	1	1	1	1.000	unknown;Actinomycetota;Mycobacteriaceae	-_cellular organisms;d_Bacteria;-_Terrabacteria group;p_Actinomycetota;c_Actinomycetes;o_Corynebacteriales;f_Mycobacteriaceae;g_Mycobacterium
k141_59829	131567	no rank	cellular organisms	1	1	1	1.000	unknown;unknown;unknown	-_cellular organisms
k141_52251	1760	class	Actinomycetes	3	3	3	1.000	unknown;Actinomycetota;uc_Actinomycetes	-_cellular organisms;d_Bacteria;-_Terrabacteria group;p_Actinomycetota;c_Actinomycetes
k141_12236	471853	strain	Beutenbergia cavernae DSM 12333	1	1	1	1.000	unknown;Actinomycetota;Beutenbergiaceae	-_cellular organisms;d_Bacteria;-_Terrabacteria group;p_Actinomycetota;c_Actinomycetes;o_Micrococcales;f_Beutenbergiaceae;g_Beutenbergia;s_Beutenbergia cavernae;-_Beutenbergia cavernae DSM 12333
k141_48475	1760	class	Actinomycetes	1	1	1	1.000	unknown;Actinomycetota;uc_Actinomycetes	-_cellular organisms;d_Bacteria;-_Terrabacteria group;p_Actinomycetota;c_Actinomycetes
k141_83274	224308	strain	Bacillus subtilis subsp. subtilis str. 168	2	2	1	0.500	unknown;Bacillota;Bacillaceae	-_cellular organisms;d_Bacteria;-_Terrabacteria group;p_Bacillota;c_Bacilli;o_Bacillales;f_Bacillaceae;g_Bacillus;-_Bacillus subtilis group;s_Bacillus subtilis;-_Bacillus subtilis subsp. subtilis;-_Bacillus subtilis subsp. subtilis str. 168
k141_108711	1760	class	Actinomycetes	3	3	3	1.000	unknown;Actinomycetota;uc_Actinomycetes	-_cellular organisms;d_Bacteria;-_Terrabacteria group;p_Actinomycetota;c_Actinomycetes
k141_105350	266940	strain	Kineococcus radiotolerans SRS30216 = ATCC BAA-149	2	2	1	0.500	unknown;Actinomycetota;Kineosporiaceae	-_cellular organisms;d_Bacteria;-_Terrabacteria group;p_Actinomycetota;c_Actinomycetes;o_Kineosporiales;f_Kineosporiaceae;g_Kineococcus;s_Kineococcus radiotolerans;-_Kineococcus radiotolerans SRS30216 = ATCC BAA-149
k141_46399	1773	species	Mycobacterium tuberculosis	4	4	2	0.500	unknown;Actinomycetota;Mycobacteriaceae	-_cellular organisms;d_Bacteria;-_Terrabacteria group;p_Actinomycetota;c_Actinomycetes;o_Corynebacteriales;f_Mycobacteriaceae;g_Mycobacterium;-_Mycobacterium tuberculosis complex;s_Mycobacterium tuberculosis
k141_83290	1905	species	Streptomyces exfoliatus	1	1	1	1.000	unknown;Actinomycetota;Streptomycetaceae	-_cellular organisms;d_Bacteria;-_Terrabacteria group;p_Actinomycetota;c_Actinomycetes;o_Streptomycetales;f_Streptomycetaceae;g_Streptomyces;s_Streptomyces exfoliatus
k141_108727	1224	phylum	Pseudomonadota	1	1	1	1.000	unknown;Pseudomonadota;uc_Pseudomonadota	-_cellular organisms;d_Bacteria;p_Pseudomonadota
k141_93811	1763	genus	Mycobacterium	2	2	1	0.500	unknown;Actinomycetota;Mycobacteriaceae	-_cellular organisms;d_Bacteria;-_Terrabacteria group;p_Actinomycetota;c_Actinomycetes;o_Corynebacteriales;f_Mycobacteriaceae;g_Mycobacterium
k141_86472	1883	genus	Streptomyces	2	2	1	0.500	unknown;Actinomycetota;Streptomycetaceae	-_cellular organisms;d_Bacteria;-_Terrabacteria group;p_Actinomycetota;c_Actinomycetes;o_Streptomycetales;f_Streptomycetaceae;g_Streptomyces
k141_115859	131567	no rank	cellular organisms	1	1	1	1.000	unknown;unknown;unknown	-_cellular organisms
k141_39847	1763	genus	Mycobacterium	2	2	1	0.500	unknown;Actinomycetota;Mycobacteriaceae	-_cellular organisms;d_Bacteria;-_Terrabacteria group;p_Actinomycetota;c_Actinomycetes;o_Corynebacteriales;f_Mycobacteriaceae;g_Mycobacterium
k141_98420	2	superkingdom	Bacteria	1	1	1	1.000	uc_Bacteria;uc_Bacteria;uc_Bacteria	-_cellular organisms;d_Bacteria
k141_1968	1883	genus	Streptomyces	2	2	1	0.500	unknown;Actinomycetota;Streptomycetaceae	-_cellular organisms;d_Bacteria;-_Terrabacteria group;p_Actinomycetota;c_Actinomycetes;o_Streptomycetales;f_Streptomycetaceae;g_Streptomyces
k141_2696	2	superkingdom	Bacteria	1	1	1	1.000	uc_Bacteria;uc_Bacteria;uc_Bacteria	-_cellular organisms;d_Bacteria
k141_3109	1883	genus	Streptomyces	2	2	1	0.500	unknown;Actinomycetota;Streptomycetaceae	-_cellular organisms;d_Bacteria;-_Terrabacteria group;p_Actinomycetota;c_Actinomycetes;o_Streptomycetales;f_Streptomycetaceae;g_Streptomyces
k141_3219	131567	no rank	cellular organisms	1	1	1	1.000	unknown;unknown;unknown	-_cellular organisms
k141_3316	1773	species	Mycobacterium tuberculosis	2	2	1	0.500	unknown;Actinomycetota;Mycobacteriaceae	-_cellular organisms;d_Bacteria;-_Terrabacteria group;p_Actinomycetota;c_Actinomycetes;o_Corynebacteriales;f_Mycobacteriaceae;g_Mycobacterium;-_Mycobacterium tuberculosis complex;s_Mycobacterium tuberculosis
k141_62855	1111708	no rank	Synechocystis sp. PCC 6803 substr. Kazusa	1	1	1	1.000	unknown;Cyanobacteriota;Merismopediaceae	-_cellular organisms;d_Bacteria;-_Terrabacteria group;-_Cyanobacteriota/Melainabacteria group;p_Cyanobacteriota;c_Cyanophyceae;o_Synechococcales;f_Merismopediaceae;g_Synechocystis;-_unclassified Synechocystis;s_Synechocystis sp. PCC 6803;-_Synechocystis sp. PCC 6803 substr. Kazusa
k141_37391	1224	phylum	Pseudomonadota	1	1	1	1.000	unknown;Pseudomonadota;uc_Pseudomonadota	-_cellular organisms;d_Bacteria;p_Pseudomonadota
k141_59144	1773	species	Mycobacterium tuberculosis	2	2	1	0.500	unknown;Actinomycetota;Mycobacteriaceae	-_cellular organisms;d_Bacteria;-_Terrabacteria group;p_Actinomycetota;c_Actinomycetes;o_Corynebacteriales;f_Mycobacteriaceae;g_Mycobacterium;-_Mycobacterium tuberculosis complex;s_Mycobacterium tuberculosis
k141_84477	1760	class	Actinomycetes	2	2	1	0.500	unknown;Actinomycetota;uc_Actinomycetes	-_cellular organisms;d_Bacteria;-_Terrabacteria group;p_Actinomycetota;c_Actinomycetes
k141_65522	131567	no rank	cellular organisms	2	1	1	1.000	unknown;unknown;unknown	-_cellular organisms
k141_86803	1760	class	Actinomycetes	4	4	4	1.000	unknown;Actinomycetota;uc_Actinomycetes	-_cellular organisms;d_Bacteria;-_Terrabacteria group;p_Actinomycetota;c_Actinomycetes
k141_100989	1763	genus	Mycobacterium	1	1	1	1.000	unknown;Actinomycetota;Mycobacteriaceae	-_cellular organisms;d_Bacteria;-_Terrabacteria group;p_Actinomycetota;c_Actinomycetes;o_Corynebacteriales;f_Mycobacteriaceae;g_Mycobacterium
k141_105632	2	superkingdom	Bacteria	3	3	2	0.670	uc_Bacteria;uc_Bacteria;uc_Bacteria	-_cellular organisms;d_Bacteria
k141_109032	1783272	clade	Terrabacteria group	1	1	1	1.000	unknown;unknown;unknown	-_cellular organisms;d_Bacteria;-_Terrabacteria group
k141_79675	1883	genus	Streptomyces	1	1	1	1.000	unknown;Actinomycetota;Streptomycetaceae	-_cellular organisms;d_Bacteria;-_Terrabacteria group;p_Actinomycetota;c_Actinomycetes;o_Streptomycetales;f_Streptomycetaceae;g_Streptomyces
k141_112430	100226	strain	Streptomyces coelicolor A3(2)	2	2	1	0.500	unknown;Actinomycetota;Streptomycetaceae	-_cellular organisms;d_Bacteria;-_Terrabacteria group;p_Actinomycetota;c_Actinomycetes;o_Streptomycetales;f_Streptomycetaceae;g_Streptomyces;-_Streptomyces albidoflavus group;s_Streptomyces coelicolor;-_Streptomyces coelicolor A3(2)
k141_112432	1773	species	Mycobacterium tuberculosis	2	2	1	0.500	unknown;Actinomycetota;Mycobacteriaceae	-_cellular organisms;d_Bacteria;-_Terrabacteria group;p_Actinomycetota;c_Actinomycetes;o_Corynebacteriales;f_Mycobacteriaceae;g_Mycobacterium;-_Mycobacterium tuberculosis complex;s_Mycobacterium tuberculosis
k141_83486	446469	strain	Sanguibacter keddieii DSM 10542	4	4	2	0.650	unknown;Actinomycetota;Sanguibacteraceae	-_cellular organisms;d_Bacteria;-_Terrabacteria group;p_Actinomycetota;c_Actinomycetes;o_Micrococcales;f_Sanguibacteraceae;g_Sanguibacter;s_Sanguibacter keddieii;-_Sanguibacter keddieii DSM 10542
k141_20936	1760	class	Actinomycetes	2	1	1	1.000	unknown;Actinomycetota;uc_Actinomycetes	-_cellular organisms;d_Bacteria;-_Terrabacteria group;p_Actinomycetota;c_Actinomycetes
k141_77508	216816	species	Bifidobacterium longum	2	2	1	0.500	unknown;Actinomycetota;Bifidobacteriaceae	-_cellular organisms;d_Bacteria;-_Terrabacteria group;p_Actinomycetota;c_Actinomycetes;o_Bifidobacteriales;f_Bifidobacteriaceae;g_Bifidobacterium;s_Bifidobacterium longum
k141_51926	34	species	Myxococcus xanthus	1	1	1	1.000	unknown;Pseudomonadota;Myxococcaceae	-_cellular organisms;d_Bacteria;p_Pseudomonadota;-_delta/epsilon subdivisions;c_Deltaproteobacteria;o_Myxococcales;-_Cystobacterineae;f_Myxococcaceae;g_Myxococcus;s_Myxococcus xanthus
k141_110357	83332	strain	Mycobacterium tuberculosis H37Rv	1	1	1	1.000	unknown;Actinomycetota;Mycobacteriaceae	-_cellular organisms;d_Bacteria;-_Terrabacteria group;p_Actinomycetota;c_Actinomycetes;o_Corynebacteriales;f_Mycobacteriaceae;g_Mycobacterium;-_Mycobacterium tuberculosis complex;s_Mycobacterium tuberculosis;-_Mycobacterium tuberculosis H37Rv
k141_95852	131567	no rank	cellular organisms	1	1	1	1.000	unknown;unknown;unknown	-_cellular organisms
k141_15351	1763	genus	Mycobacterium	1	1	1	1.000	unknown;Actinomycetota;Mycobacteriaceae	-_cellular organisms;d_Bacteria;-_Terrabacteria group;p_Actinomycetota;c_Actinomycetes;o_Corynebacteriales;f_Mycobacteriaceae;g_Mycobacterium
k141_95860	378753	strain	Kocuria rhizophila DC2201	3	2	1	0.910	unknown;Actinomycetota;Micrococcaceae	-_cellular organisms;d_Bacteria;-_Terrabacteria group;p_Actinomycetota;c_Actinomycetes;o_Micrococcales;f_Micrococcaceae;g_Kocuria;s_Kocuria rhizophila;-_Kocuria rhizophila DC2201
k141_91661	1783272	clade	Terrabacteria group	2	1	1	1.000	unknown;unknown;unknown	-_cellular organisms;d_Bacteria;-_Terrabacteria group
k141_44408	471853	strain	Beutenbergia cavernae DSM 12333	2	2	1	0.500	unknown;Actinomycetota;Beutenbergiaceae	-_cellular organisms;d_Bacteria;-_Terrabacteria group;p_Actinomycetota;c_Actinomycetes;o_Micrococcales;f_Beutenbergiaceae;g_Beutenbergia;s_Beutenbergia cavernae;-_Beutenbergia cavernae DSM 12333
k141_91699	85006	order	Micrococcales	3	3	2	0.670	unknown;Actinomycetota;uc_Micrococcales	-_cellular organisms;d_Bacteria;-_Terrabacteria group;p_Actinomycetota;c_Actinomycetes;o_Micrococcales
k141_70676	203119	strain	Acetivibrio thermocellus ATCC 27405	1	1	1	1.000	unknown;Bacillota;Oscillospiraceae	-_cellular organisms;d_Bacteria;-_Terrabacteria group;p_Bacillota;c_Clostridia;o_Eubacteriales;f_Oscillospiraceae;g_Acetivibrio;s_Acetivibrio thermocellus;-_Acetivibrio thermocellus ATCC 27405
k141_796	85007	order	Corynebacteriales	2	2	1	0.500	unknown;Actinomycetota;uc_Corynebacteriales	-_cellular organisms;d_Bacteria;-_Terrabacteria group;p_Actinomycetota;c_Actinomycetes;o_Corynebacteriales
k141_34025	2	superkingdom	Bacteria	1	1	1	1.000	uc_Bacteria;uc_Bacteria;uc_Bacteria	-_cellular organisms;d_Bacteria
k141_44606	1760	class	Actinomycetes	3	3	3	1.000	unknown;Actinomycetota;uc_Actinomycetes	-_cellular organisms;d_Bacteria;-_Terrabacteria group;p_Actinomycetota;c_Actinomycetes
k141_70941	662	genus	Vibrio	1	1	1	1.000	unknown;Pseudomonadota;Vibrionaceae	-_cellular organisms;d_Bacteria;p_Pseudomonadota;c_Gammaproteobacteria;o_Vibrionales;f_Vibrionaceae;g_Vibrio
k141_30365	224308	strain	Bacillus subtilis subsp. subtilis str. 168	1	1	1	1.000	unknown;Bacillota;Bacillaceae	-_cellular organisms;d_Bacteria;-_Terrabacteria group;p_Bacillota;c_Bacilli;o_Bacillales;f_Bacillaceae;g_Bacillus;-_Bacillus subtilis group;s_Bacillus subtilis;-_Bacillus subtilis subsp. subtilis;-_Bacillus subtilis subsp. subtilis str. 168
k141_34120	1224	phylum	Pseudomonadota	1	1	1	1.000	unknown;Pseudomonadota;uc_Pseudomonadota	-_cellular organisms;d_Bacteria;p_Pseudomonadota
k141_74106	1760	class	Actinomycetes	1	1	1	1.000	unknown;Actinomycetota;uc_Actinomycetes	-_cellular organisms;d_Bacteria;-_Terrabacteria group;p_Actinomycetota;c_Actinomycetes
k141_4959	83332	strain	Mycobacterium tuberculosis H37Rv	2	2	2	1.000	unknown;Actinomycetota;Mycobacteriaceae	-_cellular organisms;d_Bacteria;-_Terrabacteria group;p_Actinomycetota;c_Actinomycetes;o_Corynebacteriales;f_Mycobacteriaceae;g_Mycobacterium;-_Mycobacterium tuberculosis complex;s_Mycobacterium tuberculosis;-_Mycobacterium tuberculosis H37Rv
k141_837	1239	phylum	Bacillota	1	1	1	1.000	unknown;Bacillota;uc_Bacillota	-_cellular organisms;d_Bacteria;-_Terrabacteria group;p_Bacillota
k141_81486	85007	order	Corynebacteriales	4	3	2	0.670	unknown;Actinomycetota;uc_Corynebacteriales	-_cellular organisms;d_Bacteria;-_Terrabacteria group;p_Actinomycetota;c_Actinomycetes;o_Corynebacteriales
k141_89249	562	species	Escherichia coli	1	1	1	1.000	unknown;Pseudomonadota;Enterobacteriaceae	-_cellular organisms;d_Bacteria;p_Pseudomonadota;c_Gammaproteobacteria;o_Enterobacterales;f_Enterobacteriaceae;g_Escherichia;s_Escherichia coli
k141_9262	1773	species	Mycobacterium tuberculosis	1	1	1	1.000	unknown;Actinomycetota;Mycobacteriaceae	-_cellular organisms;d_Bacteria;-_Terrabacteria group;p_Actinomycetota;c_Actinomycetes;o_Corynebacteriales;f_Mycobacteriaceae;g_Mycobacterium;-_Mycobacterium tuberculosis complex;s_Mycobacterium tuberculosis
k141_107928	1760	class	Actinomycetes	3	3	3	1.000	unknown;Actinomycetota;uc_Actinomycetes	-_cellular organisms;d_Bacteria;-_Terrabacteria group;p_Actinomycetota;c_Actinomycetes
k141_89279	1760	class	Actinomycetes	1	1	1	1.000	unknown;Actinomycetota;uc_Actinomycetes	-_cellular organisms;d_Bacteria;-_Terrabacteria group;p_Actinomycetota;c_Actinomycetes
k141_45624	2	superkingdom	Bacteria	1	1	1	1.000	uc_Bacteria;uc_Bacteria;uc_Bacteria	-_cellular organisms;d_Bacteria
k141_89285	131567	no rank	cellular organisms	1	1	1	1.000	unknown;unknown;unknown	-_cellular organisms
k141_82378	208964	strain	Pseudomonas aeruginosa PAO1	2	2	2	1.000	unknown;Pseudomonadota;Pseudomonadaceae	-_cellular organisms;d_Bacteria;p_Pseudomonadota;c_Gammaproteobacteria;o_Pseudomonadales;f_Pseudomonadaceae;g_Pseudomonas;-_Pseudomonas aeruginosa group;s_Pseudomonas aeruginosa;-_Pseudomonas aeruginosa PAO1
k141_31194	2	superkingdom	Bacteria	2	2	2	1.000	uc_Bacteria;uc_Bacteria;uc_Bacteria	-_cellular organisms;d_Bacteria
k141_23607	1239	phylum	Bacillota	1	1	1	1.000	unknown;Bacillota;uc_Bacillota	-_cellular organisms;d_Bacteria;-_Terrabacteria group;p_Bacillota
k141_16684	243232	strain	Methanocaldococcus jannaschii DSM 2661	1	1	1	1.000	unknown;Euryarchaeota;Methanocaldococcaceae	-_cellular organisms;d_Archaea;p_Euryarchaeota;-_Methanomada group;c_Methanococci;o_Methanococcales;f_Methanocaldococcaceae;g_Methanocaldococcus;s_Methanocaldococcus jannaschii;-_Methanocaldococcus jannaschii DSM 2661
k141_110686	35554	species	Geobacter sulfurreducens	1	1	1	1.000	unknown;Pseudomonadota;Geobacteraceae	-_cellular organisms;d_Bacteria;p_Pseudomonadota;-_delta/epsilon subdivisions;c_Deltaproteobacteria;o_Desulfuromonadales;f_Geobacteraceae;g_Geobacter;s_Geobacter sulfurreducens
k141_8530	1773	species	Mycobacterium tuberculosis	1	1	1	1.000	unknown;Actinomycetota;Mycobacteriaceae	-_cellular organisms;d_Bacteria;-_Terrabacteria group;p_Actinomycetota;c_Actinomycetes;o_Corynebacteriales;f_Mycobacteriaceae;g_Mycobacterium;-_Mycobacterium tuberculosis complex;s_Mycobacterium tuberculosis
k141_110696	83332	strain	Mycobacterium tuberculosis H37Rv	1	1	1	1.000	unknown;Actinomycetota;Mycobacteriaceae	-_cellular organisms;d_Bacteria;-_Terrabacteria group;p_Actinomycetota;c_Actinomycetes;o_Corynebacteriales;f_Mycobacteriaceae;g_Mycobacterium;-_Mycobacterium tuberculosis complex;s_Mycobacterium tuberculosis;-_Mycobacterium tuberculosis H37Rv
k141_12264	1760	class	Actinomycetes	1	1	1	1.000	unknown;Actinomycetota;uc_Actinomycetes	-_cellular organisms;d_Bacteria;-_Terrabacteria group;p_Actinomycetota;c_Actinomycetes
k141_12289	85023	family	Microbacteriaceae	2	2	1	0.500	unknown;Actinomycetota;Microbacteriaceae	-_cellular organisms;d_Bacteria;-_Terrabacteria group;p_Actinomycetota;c_Actinomycetes;o_Micrococcales;f_Microbacteriaceae
k141_85081	1224	phylum	Pseudomonadota	1	1	1	1.000	unknown;Pseudomonadota;uc_Pseudomonadota	-_cellular organisms;d_Bacteria;p_Pseudomonadota
k141_88553	100226	strain	Streptomyces coelicolor A3(2)	2	2	1	0.500	unknown;Actinomycetota;Streptomycetaceae	-_cellular organisms;d_Bacteria;-_Terrabacteria group;p_Actinomycetota;c_Actinomycetes;o_Streptomycetales;f_Streptomycetaceae;g_Streptomyces;-_Streptomyces albidoflavus group;s_Streptomyces coelicolor;-_Streptomyces coelicolor A3(2)
k141_26959	83332	strain	Mycobacterium tuberculosis H37Rv	2	2	1	0.500	unknown;Actinomycetota;Mycobacteriaceae	-_cellular organisms;d_Bacteria;-_Terrabacteria group;p_Actinomycetota;c_Actinomycetes;o_Corynebacteriales;f_Mycobacteriaceae;g_Mycobacterium;-_Mycobacterium tuberculosis complex;s_Mycobacterium tuberculosis;-_Mycobacterium tuberculosis H37Rv
k141_96488	227882	strain	Streptomyces avermitilis MA-4680 = NBRC 14893	2	1	1	1.000	unknown;Actinomycetota;Streptomycetaceae	-_cellular organisms;d_Bacteria;-_Terrabacteria group;p_Actinomycetota;c_Actinomycetes;o_Streptomycetales;f_Streptomycetaceae;g_Streptomyces;s_Streptomyces avermitilis;-_Streptomyces avermitilis MA-4680 = NBRC 14893
k141_19437	780	genus	Rickettsia	1	1	1	1.000	unknown;Pseudomonadota;Rickettsiaceae	-_cellular organisms;d_Bacteria;p_Pseudomonadota;c_Alphaproteobacteria;o_Rickettsiales;f_Rickettsiaceae;-_Rickettsieae;g_Rickettsia
k141_57226	131567	no rank	cellular organisms	1	1	1	1.000	unknown;unknown;unknown	-_cellular organisms
k141_107290	1762	family	Mycobacteriaceae	1	1	1	1.000	unknown;Actinomycetota;Mycobacteriaceae	-_cellular organisms;d_Bacteria;-_Terrabacteria group;p_Actinomycetota;c_Actinomycetes;o_Corynebacteriales;f_Mycobacteriaceae
k141_88621	471853	strain	Beutenbergia cavernae DSM 12333	1	1	1	1.000	unknown;Actinomycetota;Beutenbergiaceae	-_cellular organisms;d_Bacteria;-_Terrabacteria group;p_Actinomycetota;c_Actinomycetes;o_Micrococcales;f_Beutenbergiaceae;g_Beutenbergia;s_Beutenbergia cavernae;-_Beutenbergia cavernae DSM 12333
k141_34466	1773	species	Mycobacterium tuberculosis	2	2	1	0.500	unknown;Actinomycetota;Mycobacteriaceae	-_cellular organisms;d_Bacteria;-_Terrabacteria group;p_Actinomycetota;c_Actinomycetes;o_Corynebacteriales;f_Mycobacteriaceae;g_Mycobacterium;-_Mycobacterium tuberculosis complex;s_Mycobacterium tuberculosis
k141_44939	471852	strain	Thermomonospora curvata DSM 43183	1	1	1	1.000	unknown;Actinomycetota;Thermomonosporaceae	-_cellular organisms;d_Bacteria;-_Terrabacteria group;p_Actinomycetota;c_Actinomycetes;o_Streptosporangiales;f_Thermomonosporaceae;g_Thermomonospora;s_Thermomonospora curvata;-_Thermomonospora curvata DSM 43183
k141_59946	281090	strain	Leifsonia xyli subsp. xyli str. CTCB07	2	2	1	0.500	unknown;Actinomycetota;Microbacteriaceae	-_cellular organisms;d_Bacteria;-_Terrabacteria group;p_Actinomycetota;c_Actinomycetes;o_Micrococcales;f_Microbacteriaceae;g_Leifsonia;s_Leifsonia xyli;-_Leifsonia xyli subsp. xyli;-_Leifsonia xyli subsp. xyli str. CTCB07
k141_22849	83333	strain	Escherichia coli K-12	1	1	1	1.000	unknown;Pseudomonadota;Enterobacteriaceae	-_cellular organisms;d_Bacteria;p_Pseudomonadota;c_Gammaproteobacteria;o_Enterobacterales;f_Enterobacteriaceae;g_Escherichia;s_Escherichia coli;-_Escherichia coli K-12
k141_8689	1308	species	Streptococcus thermophilus	1	1	1	1.000	unknown;Bacillota;Streptococcaceae	-_cellular organisms;d_Bacteria;-_Terrabacteria group;p_Bacillota;c_Bacilli;o_Lactobacillales;f_Streptococcaceae;g_Streptococcus;s_Streptococcus thermophilus
k141_74381	1762	family	Mycobacteriaceae	3	3	2	0.670	unknown;Actinomycetota;Mycobacteriaceae	-_cellular organisms;d_Bacteria;-_Terrabacteria group;p_Actinomycetota;c_Actinomycetes;o_Corynebacteriales;f_Mycobacteriaceae
k141_5350	224308	strain	Bacillus subtilis subsp. subtilis str. 168	1	1	1	1.000	unknown;Bacillota;Bacillaceae	-_cellular organisms;d_Bacteria;-_Terrabacteria group;p_Bacillota;c_Bacilli;o_Bacillales;f_Bacillaceae;g_Bacillus;-_Bacillus subtilis group;s_Bacillus subtilis;-_Bacillus subtilis subsp. subtilis;-_Bacillus subtilis subsp. subtilis str. 168
k141_48224	266940	strain	Kineococcus radiotolerans SRS30216 = ATCC BAA-149	1	1	1	1.000	unknown;Actinomycetota;Kineosporiaceae	-_cellular organisms;d_Bacteria;-_Terrabacteria group;p_Actinomycetota;c_Actinomycetes;o_Kineosporiales;f_Kineosporiaceae;g_Kineococcus;s_Kineococcus radiotolerans;-_Kineococcus radiotolerans SRS30216 = ATCC BAA-149
k141_11817	1883	genus	Streptomyces	1	1	1	1.000	unknown;Actinomycetota;Streptomycetaceae	-_cellular organisms;d_Bacteria;-_Terrabacteria group;p_Actinomycetota;c_Actinomycetes;o_Streptomycetales;f_Streptomycetaceae;g_Streptomyces
k141_40966	2	superkingdom	Bacteria	1	1	1	1.000	uc_Bacteria;uc_Bacteria;uc_Bacteria	-_cellular organisms;d_Bacteria
k141_73813	131567	no rank	cellular organisms	1	1	1	1.000	unknown;unknown;unknown	-_cellular organisms
k141_44386	3028117	class	Cyanophyceae	1	1	1	1.000	unknown;Cyanobacteriota;uc_Cyanophyceae	-_cellular organisms;d_Bacteria;-_Terrabacteria group;-_Cyanobacteriota/Melainabacteria group;p_Cyanobacteriota;c_Cyanophyceae
k141_26389	1773	species	Mycobacterium tuberculosis	1	1	1	1.000	unknown;Actinomycetota;Mycobacteriaceae	-_cellular organisms;d_Bacteria;-_Terrabacteria group;p_Actinomycetota;c_Actinomycetes;o_Corynebacteriales;f_Mycobacteriaceae;g_Mycobacterium;-_Mycobacterium tuberculosis complex;s_Mycobacterium tuberculosis
k141_59350	266940	strain	Kineococcus radiotolerans SRS30216 = ATCC BAA-149	3	3	2	0.670	unknown;Actinomycetota;Kineosporiaceae	-_cellular organisms;d_Bacteria;-_Terrabacteria group;p_Actinomycetota;c_Actinomycetes;o_Kineosporiales;f_Kineosporiaceae;g_Kineococcus;s_Kineococcus radiotolerans;-_Kineococcus radiotolerans SRS30216 = ATCC BAA-149
k141_99121	1760	class	Actinomycetes	1	1	1	1.000	unknown;Actinomycetota;uc_Actinomycetes	-_cellular organisms;d_Bacteria;-_Terrabacteria group;p_Actinomycetota;c_Actinomycetes
k141_99122	243233	strain	Methylococcus capsulatus str. Bath	3	2	1	0.500	unknown;Pseudomonadota;Methylococcaceae	-_cellular organisms;d_Bacteria;p_Pseudomonadota;c_Gammaproteobacteria;o_Methylococcales;f_Methylococcaceae;g_Methylococcus;s_Methylococcus capsulatus;-_Methylococcus capsulatus str. Bath
k141_8216	405948	strain	Saccharopolyspora erythraea NRRL 2338	1	1	1	1.000	unknown;Actinomycetota;Pseudonocardiaceae	-_cellular organisms;d_Bacteria;-_Terrabacteria group;p_Actinomycetota;c_Actinomycetes;o_Pseudonocardiales;f_Pseudonocardiaceae;g_Saccharopolyspora;s_Saccharopolyspora erythraea;-_Saccharopolyspora erythraea NRRL 2338
k141_8693	1239	phylum	Bacillota	2	2	2	1.000	unknown;Bacillota;uc_Bacillota	-_cellular organisms;d_Bacteria;-_Terrabacteria group;p_Bacillota
k141_52466	186801	class	Clostridia	1	1	1	1.000	unknown;Bacillota;uc_Clostridia	-_cellular organisms;d_Bacteria;-_Terrabacteria group;p_Bacillota;c_Clostridia
k141_81766	1883	genus	Streptomyces	1	1	1	1.000	unknown;Actinomycetota;Streptomycetaceae	-_cellular organisms;d_Bacteria;-_Terrabacteria group;p_Actinomycetota;c_Actinomycetes;o_Streptomycetales;f_Streptomycetaceae;g_Streptomyces
k141_88725	573370	strain	Solidesulfovibrio magneticus RS-1	1	1	1	1.000	unknown;Pseudomonadota;Desulfovibrionaceae	-_cellular organisms;d_Bacteria;p_Pseudomonadota;-_delta/epsilon subdivisions;c_Deltaproteobacteria;o_Desulfovibrionales;f_Desulfovibrionaceae;g_Solidesulfovibrio;s_Solidesulfovibrio magneticus;-_Solidesulfovibrio magneticus RS-1
k141_34677	1678	genus	Bifidobacterium	1	1	1	1.000	unknown;Actinomycetota;Bifidobacteriaceae	-_cellular organisms;d_Bacteria;-_Terrabacteria group;p_Actinomycetota;c_Actinomycetes;o_Bifidobacteriales;f_Bifidobacteriaceae;g_Bifidobacterium
k141_71760	100226	strain	Streptomyces coelicolor A3(2)	2	2	1	0.500	unknown;Actinomycetota;Streptomycetaceae	-_cellular organisms;d_Bacteria;-_Terrabacteria group;p_Actinomycetota;c_Actinomycetes;o_Streptomycetales;f_Streptomycetaceae;g_Streptomyces;-_Streptomyces albidoflavus group;s_Streptomyces coelicolor;-_Streptomyces coelicolor A3(2)
k141_63796	1762	family	Mycobacteriaceae	2	2	1	0.500	unknown;Actinomycetota;Mycobacteriaceae	-_cellular organisms;d_Bacteria;-_Terrabacteria group;p_Actinomycetota;c_Actinomycetes;o_Corynebacteriales;f_Mycobacteriaceae
k141_99673	281090	strain	Leifsonia xyli subsp. xyli str. CTCB07	1	1	1	1.000	unknown;Actinomycetota;Microbacteriaceae	-_cellular organisms;d_Bacteria;-_Terrabacteria group;p_Actinomycetota;c_Actinomycetes;o_Micrococcales;f_Microbacteriaceae;g_Leifsonia;s_Leifsonia xyli;-_Leifsonia xyli subsp. xyli;-_Leifsonia xyli subsp. xyli str. CTCB07
k141_55112	1762	family	Mycobacteriaceae	1	1	1	1.000	unknown;Actinomycetota;Mycobacteriaceae	-_cellular organisms;d_Bacteria;-_Terrabacteria group;p_Actinomycetota;c_Actinomycetes;o_Corynebacteriales;f_Mycobacteriaceae
k141_67346	471853	strain	Beutenbergia cavernae DSM 12333	2	2	1	0.940	unknown;Actinomycetota;Beutenbergiaceae	-_cellular organisms;d_Bacteria;-_Terrabacteria group;p_Actinomycetota;c_Actinomycetes;o_Micrococcales;f_Beutenbergiaceae;g_Beutenbergia;s_Beutenbergia cavernae;-_Beutenbergia cavernae DSM 12333
k141_41152	266940	strain	Kineococcus radiotolerans SRS30216 = ATCC BAA-149	1	1	1	1.000	unknown;Actinomycetota;Kineosporiaceae	-_cellular organisms;d_Bacteria;-_Terrabacteria group;p_Actinomycetota;c_Actinomycetes;o_Kineosporiales;f_Kineosporiaceae;g_Kineococcus;s_Kineococcus radiotolerans;-_Kineococcus radiotolerans SRS30216 = ATCC BAA-149
k141_99185	1760	class	Actinomycetes	3	3	2	0.980	unknown;Actinomycetota;uc_Actinomycetes	-_cellular organisms;d_Bacteria;-_Terrabacteria group;p_Actinomycetota;c_Actinomycetes
k141_51989	810	genus	Chlamydia	1	1	1	1.000	unknown;Chlamydiota;Chlamydiaceae	-_cellular organisms;d_Bacteria;-_PVC group;p_Chlamydiota;c_Chlamydiia;o_Chlamydiales;f_Chlamydiaceae;-_Chlamydia/Chlamydophila group;g_Chlamydia
k141_113995	471853	strain	Beutenbergia cavernae DSM 12333	1	1	1	1.000	unknown;Actinomycetota;Beutenbergiaceae	-_cellular organisms;d_Bacteria;-_Terrabacteria group;p_Actinomycetota;c_Actinomycetes;o_Micrococcales;f_Beutenbergiaceae;g_Beutenbergia;s_Beutenbergia cavernae;-_Beutenbergia cavernae DSM 12333
k141_15497	1760	class	Actinomycetes	1	1	1	1.000	unknown;Actinomycetota;uc_Actinomycetes	-_cellular organisms;d_Bacteria;-_Terrabacteria group;p_Actinomycetota;c_Actinomycetes
k141_70748	1773	species	Mycobacterium tuberculosis	2	2	1	0.500	unknown;Actinomycetota;Mycobacteriaceae	-_cellular organisms;d_Bacteria;-_Terrabacteria group;p_Actinomycetota;c_Actinomycetes;o_Corynebacteriales;f_Mycobacteriaceae;g_Mycobacterium;-_Mycobacterium tuberculosis complex;s_Mycobacterium tuberculosis
k141_106917	1236	class	Gammaproteobacteria	2	2	1	0.500	unknown;Pseudomonadota;uc_Gammaproteobacteria	-_cellular organisms;d_Bacteria;p_Pseudomonadota;c_Gammaproteobacteria
k141_8358	100226	strain	Streptomyces coelicolor A3(2)	2	2	1	0.940	unknown;Actinomycetota;Streptomycetaceae	-_cellular organisms;d_Bacteria;-_Terrabacteria group;p_Actinomycetota;c_Actinomycetes;o_Streptomycetales;f_Streptomycetaceae;g_Streptomyces;-_Streptomyces albidoflavus group;s_Streptomyces coelicolor;-_Streptomyces coelicolor A3(2)
k141_81316	1255043	strain	Thioalkalivibrio nitratireducens DSM 14787	1	1	1	1.000	unknown;Pseudomonadota;Ectothiorhodospiraceae	-_cellular organisms;d_Bacteria;p_Pseudomonadota;c_Gammaproteobacteria;o_Chromatiales;f_Ectothiorhodospiraceae;g_Thioalkalivibrio;s_Thioalkalivibrio nitratireducens;-_Thioalkalivibrio nitratireducens DSM 14787
k141_106983	100226	strain	Streptomyces coelicolor A3(2)	1	1	1	1.000	unknown;Actinomycetota;Streptomycetaceae	-_cellular organisms;d_Bacteria;-_Terrabacteria group;p_Actinomycetota;c_Actinomycetes;o_Streptomycetales;f_Streptomycetaceae;g_Streptomyces;-_Streptomyces albidoflavus group;s_Streptomyces coelicolor;-_Streptomyces coelicolor A3(2)
k141_92428	2182	order	Methanococcales	2	2	1	0.500	unknown;Euryarchaeota;uc_Methanococcales	-_cellular organisms;d_Archaea;p_Euryarchaeota;-_Methanomada group;c_Methanococci;o_Methanococcales
k141_71839	1763	genus	Mycobacterium	2	2	1	0.500	unknown;Actinomycetota;Mycobacteriaceae	-_cellular organisms;d_Bacteria;-_Terrabacteria group;p_Actinomycetota;c_Actinomycetes;o_Corynebacteriales;f_Mycobacteriaceae;g_Mycobacterium
k141_71862	2	superkingdom	Bacteria	1	1	1	1.000	uc_Bacteria;uc_Bacteria;uc_Bacteria	-_cellular organisms;d_Bacteria
k141_34795	1760	class	Actinomycetes	2	2	2	1.000	unknown;Actinomycetota;uc_Actinomycetes	-_cellular organisms;d_Bacteria;-_Terrabacteria group;p_Actinomycetota;c_Actinomycetes
k141_23157	1268	family	Micrococcaceae	1	1	1	1.000	unknown;Actinomycetota;Micrococcaceae	-_cellular organisms;d_Bacteria;-_Terrabacteria group;p_Actinomycetota;c_Actinomycetes;o_Micrococcales;f_Micrococcaceae
k141_30880	2	superkingdom	Bacteria	2	2	2	1.000	uc_Bacteria;uc_Bacteria;uc_Bacteria	-_cellular organisms;d_Bacteria
k141_45181	2283794	clade	Methanomada group	2	1	1	1.000	unknown;Euryarchaeota;unknown	-_cellular organisms;d_Archaea;p_Euryarchaeota;-_Methanomada group
k141_52725	1760	class	Actinomycetes	2	2	1	0.500	unknown;Actinomycetota;uc_Actinomycetes	-_cellular organisms;d_Bacteria;-_Terrabacteria group;p_Actinomycetota;c_Actinomycetes
k141_63949	0	no rank	unclassified	1	0	0	0.000		
k141_96573	101510	strain	Rhodococcus jostii RHA1	1	1	1	1.000	unknown;Actinomycetota;Nocardiaceae	-_cellular organisms;d_Bacteria;-_Terrabacteria group;p_Actinomycetota;c_Actinomycetes;o_Corynebacteriales;f_Nocardiaceae;g_Rhodococcus;s_Rhodococcus jostii;-_Rhodococcus jostii RHA1
k141_80836	1762	family	Mycobacteriaceae	2	2	1	0.500	unknown;Actinomycetota;Mycobacteriaceae	-_cellular organisms;d_Bacteria;-_Terrabacteria group;p_Actinomycetota;c_Actinomycetes;o_Corynebacteriales;f_Mycobacteriaceae
k141_69945	1883	genus	Streptomyces	1	1	1	1.000	unknown;Actinomycetota;Streptomycetaceae	-_cellular organisms;d_Bacteria;-_Terrabacteria group;p_Actinomycetota;c_Actinomycetes;o_Streptomycetales;f_Streptomycetaceae;g_Streptomyces
k141_98982	1883	genus	Streptomyces	2	2	1	0.500	unknown;Actinomycetota;Streptomycetaceae	-_cellular organisms;d_Bacteria;-_Terrabacteria group;p_Actinomycetota;c_Actinomycetes;o_Streptomycetales;f_Streptomycetaceae;g_Streptomyces
k141_69958	2	superkingdom	Bacteria	1	1	1	1.000	uc_Bacteria;uc_Bacteria;uc_Bacteria	-_cellular organisms;d_Bacteria
k141_66140	1437010	clade	Boreoeutheria	1	1	1	1.000	Metazoa;Chordata;unknown	-_cellular organisms;d_Eukaryota;-_Opisthokonta;k_Metazoa;-_Eumetazoa;-_Bilateria;-_Deuterostomia;p_Chordata;-_Craniata;-_Vertebrata;-_Gnathostomata;-_Teleostomi;-_Euteleostomi;-_Sarcopterygii;-_Dipnotetrapodomorpha;-_Tetrapoda;-_Amniota;c_Mammalia;-_Theria;-_Eutheria;-_Boreoeutheria
k141_62788	85006	order	Micrococcales	3	3	2	0.970	unknown;Actinomycetota;uc_Micrococcales	-_cellular organisms;d_Bacteria;-_Terrabacteria group;p_Actinomycetota;c_Actinomycetes;o_Micrococcales
k141_7879	1111708	no rank	Synechocystis sp. PCC 6803 substr. Kazusa	2	2	1	0.500	unknown;Cyanobacteriota;Merismopediaceae	-_cellular organisms;d_Bacteria;-_Terrabacteria group;-_Cyanobacteriota/Melainabacteria group;p_Cyanobacteriota;c_Cyanophyceae;o_Synechococcales;f_Merismopediaceae;g_Synechocystis;-_unclassified Synechocystis;s_Synechocystis sp. PCC 6803;-_Synechocystis sp. PCC 6803 substr. Kazusa
k141_33516	131567	no rank	cellular organisms	1	1	1	1.000	unknown;unknown;unknown	-_cellular organisms
k141_80912	1760	class	Actinomycetes	3	3	2	0.970	unknown;Actinomycetota;uc_Actinomycetes	-_cellular organisms;d_Bacteria;-_Terrabacteria group;p_Actinomycetota;c_Actinomycetes
k141_70052	0	no rank	unclassified	1	0	0	0.000		
k141_85673	0	no rank	unclassified	1	0	0	0.000		
k141_9368	131567	no rank	cellular organisms	3	2	2	1.000	unknown;unknown;unknown	-_cellular organisms
k141_82452	2	superkingdom	Bacteria	2	2	2	1.000	uc_Bacteria;uc_Bacteria;uc_Bacteria	-_cellular organisms;d_Bacteria
k141_16724	0	no rank	unclassified	1	0	0	0.000		
k141_64479	1763	genus	Mycobacterium	1	1	1	1.000	unknown;Actinomycetota;Mycobacteriaceae	-_cellular organisms;d_Bacteria;-_Terrabacteria group;p_Actinomycetota;c_Actinomycetes;o_Corynebacteriales;f_Mycobacteriaceae;g_Mycobacterium
k141_111472	131567	no rank	cellular organisms	1	1	1	1.000	unknown;unknown;unknown	-_cellular organisms
k141_100185	266940	strain	Kineococcus radiotolerans SRS30216 = ATCC BAA-149	1	1	1	1.000	unknown;Actinomycetota;Kineosporiaceae	-_cellular organisms;d_Bacteria;-_Terrabacteria group;p_Actinomycetota;c_Actinomycetes;o_Kineosporiales;f_Kineosporiaceae;g_Kineococcus;s_Kineococcus radiotolerans;-_Kineococcus radiotolerans SRS30216 = ATCC BAA-149
k141_82542	1773	species	Mycobacterium tuberculosis	1	1	1	1.000	unknown;Actinomycetota;Mycobacteriaceae	-_cellular organisms;d_Bacteria;-_Terrabacteria group;p_Actinomycetota;c_Actinomycetes;o_Corynebacteriales;f_Mycobacteriaceae;g_Mycobacterium;-_Mycobacterium tuberculosis complex;s_Mycobacterium tuberculosis
k141_100207	1224	phylum	Pseudomonadota	1	1	1	1.000	unknown;Pseudomonadota;uc_Pseudomonadota	-_cellular organisms;d_Bacteria;p_Pseudomonadota
k141_89538	1760	class	Actinomycetes	1	1	1	1.000	unknown;Actinomycetota;uc_Actinomycetes	-_cellular organisms;d_Bacteria;-_Terrabacteria group;p_Actinomycetota;c_Actinomycetes
k141_50206	269800	strain	Thermobifida fusca YX	2	2	1	0.500	unknown;Actinomycetota;Nocardiopsaceae	-_cellular organisms;d_Bacteria;-_Terrabacteria group;p_Actinomycetota;c_Actinomycetes;o_Streptosporangiales;f_Nocardiopsaceae;g_Thermobifida;s_Thermobifida fusca;-_Thermobifida fusca YX
k141_76241	1708	species	Cellulomonas fimi	1	1	1	1.000	unknown;Actinomycetota;Cellulomonadaceae	-_cellular organisms;d_Bacteria;-_Terrabacteria group;p_Actinomycetota;c_Actinomycetes;o_Micrococcales;f_Cellulomonadaceae;g_Cellulomonas;s_Cellulomonas fimi
k141_101412	1773	species	Mycobacterium tuberculosis	1	1	1	1.000	unknown;Actinomycetota;Mycobacteriaceae	-_cellular organisms;d_Bacteria;-_Terrabacteria group;p_Actinomycetota;c_Actinomycetes;o_Corynebacteriales;f_Mycobacteriaceae;g_Mycobacterium;-_Mycobacterium tuberculosis complex;s_Mycobacterium tuberculosis
k141_10796	1760	class	Actinomycetes	1	1	1	1.000	unknown;Actinomycetota;uc_Actinomycetes	-_cellular organisms;d_Bacteria;-_Terrabacteria group;p_Actinomycetota;c_Actinomycetes
k141_10811	878	species	Solidesulfovibrio fructosivorans	2	2	1	0.500	unknown;Pseudomonadota;Desulfovibrionaceae	-_cellular organisms;d_Bacteria;p_Pseudomonadota;-_delta/epsilon subdivisions;c_Deltaproteobacteria;o_Desulfovibrionales;f_Desulfovibrionaceae;g_Solidesulfovibrio;s_Solidesulfovibrio fructosivorans
k141_76250	131567	no rank	cellular organisms	1	1	1	1.000	unknown;unknown;unknown	-_cellular organisms
k141_10830	243090	strain	Rhodopirellula baltica SH 1	2	2	1	0.500	unknown;Planctomycetota;Pirellulaceae	-_cellular organisms;d_Bacteria;-_PVC group;p_Planctomycetota;c_Planctomycetia;o_Pirellulales;f_Pirellulaceae;g_Rhodopirellula;s_Rhodopirellula baltica;-_Rhodopirellula baltica SH 1
k141_28874	2	superkingdom	Bacteria	1	1	1	1.000	uc_Bacteria;uc_Bacteria;uc_Bacteria	-_cellular organisms;d_Bacteria
k141_101479	208964	strain	Pseudomonas aeruginosa PAO1	1	1	1	1.000	unknown;Pseudomonadota;Pseudomonadaceae	-_cellular organisms;d_Bacteria;p_Pseudomonadota;c_Gammaproteobacteria;o_Pseudomonadales;f_Pseudomonadaceae;g_Pseudomonas;-_Pseudomonas aeruginosa group;s_Pseudomonas aeruginosa;-_Pseudomonas aeruginosa PAO1
k141_50295	0	no rank	unclassified	1	0	0	0.000		
k141_39490	2	superkingdom	Bacteria	1	1	1	1.000	uc_Bacteria;uc_Bacteria;uc_Bacteria	-_cellular organisms;d_Bacteria
k141_54519	0	no rank	unclassified	1	0	0	0.000		
k141_109298	1883	genus	Streptomyces	2	2	1	0.500	unknown;Actinomycetota;Streptomycetaceae	-_cellular organisms;d_Bacteria;-_Terrabacteria group;p_Actinomycetota;c_Actinomycetes;o_Streptomycetales;f_Streptomycetaceae;g_Streptomyces
k141_116208	716546	clade	leotiomyceta	1	1	1	1.000	Fungi;Ascomycota;unknown	-_cellular organisms;d_Eukaryota;-_Opisthokonta;k_Fungi;-_Dikarya;p_Ascomycota;-_saccharomyceta;-_Pezizomycotina;-_leotiomyceta
k141_14135	266940	strain	Kineococcus radiotolerans SRS30216 = ATCC BAA-149	2	2	1	0.500	unknown;Actinomycetota;Kineosporiaceae	-_cellular organisms;d_Bacteria;-_Terrabacteria group;p_Actinomycetota;c_Actinomycetes;o_Kineosporiales;f_Kineosporiaceae;g_Kineococcus;s_Kineococcus radiotolerans;-_Kineococcus radiotolerans SRS30216 = ATCC BAA-149
k141_43573	1760	class	Actinomycetes	2	2	2	1.000	unknown;Actinomycetota;uc_Actinomycetes	-_cellular organisms;d_Bacteria;-_Terrabacteria group;p_Actinomycetota;c_Actinomycetes
k141_116294	1773	species	Mycobacterium tuberculosis	1	1	1	1.000	unknown;Actinomycetota;Mycobacteriaceae	-_cellular organisms;d_Bacteria;-_Terrabacteria group;p_Actinomycetota;c_Actinomycetes;o_Corynebacteriales;f_Mycobacteriaceae;g_Mycobacterium;-_Mycobacterium tuberculosis complex;s_Mycobacterium tuberculosis
k141_21107	131567	no rank	cellular organisms	1	1	1	1.000	unknown;unknown;unknown	-_cellular organisms
k141_10677	281090	strain	Leifsonia xyli subsp. xyli str. CTCB07	2	1	1	1.000	unknown;Actinomycetota;Microbacteriaceae	-_cellular organisms;d_Bacteria;-_Terrabacteria group;p_Actinomycetota;c_Actinomycetes;o_Micrococcales;f_Microbacteriaceae;g_Leifsonia;s_Leifsonia xyli;-_Leifsonia xyli subsp. xyli;-_Leifsonia xyli subsp. xyli str. CTCB07
k141_112574	243232	strain	Methanocaldococcus jannaschii DSM 2661	1	1	1	1.000	unknown;Euryarchaeota;Methanocaldococcaceae	-_cellular organisms;d_Archaea;p_Euryarchaeota;-_Methanomada group;c_Methanococci;o_Methanococcales;f_Methanocaldococcaceae;g_Methanocaldococcus;s_Methanocaldococcus jannaschii;-_Methanocaldococcus jannaschii DSM 2661
k141_36779	1760	class	Actinomycetes	2	2	2	1.000	unknown;Actinomycetota;uc_Actinomycetes	-_cellular organisms;d_Bacteria;-_Terrabacteria group;p_Actinomycetota;c_Actinomycetes
k141_47775	2	superkingdom	Bacteria	4	4	4	1.000	uc_Bacteria;uc_Bacteria;uc_Bacteria	-_cellular organisms;d_Bacteria
k141_29542	100226	strain	Streptomyces coelicolor A3(2)	2	2	1	0.500	unknown;Actinomycetota;Streptomycetaceae	-_cellular organisms;d_Bacteria;-_Terrabacteria group;p_Actinomycetota;c_Actinomycetes;o_Streptomycetales;f_Streptomycetaceae;g_Streptomyces;-_Streptomyces albidoflavus group;s_Streptomyces coelicolor;-_Streptomyces coelicolor A3(2)
k141_44044	100226	strain	Streptomyces coelicolor A3(2)	2	2	1	0.930	unknown;Actinomycetota;Streptomycetaceae	-_cellular organisms;d_Bacteria;-_Terrabacteria group;p_Actinomycetota;c_Actinomycetes;o_Streptomycetales;f_Streptomycetaceae;g_Streptomyces;-_Streptomyces albidoflavus group;s_Streptomyces coelicolor;-_Streptomyces coelicolor A3(2)
k141_25878	1763	genus	Mycobacterium	2	2	1	0.500	unknown;Actinomycetota;Mycobacteriaceae	-_cellular organisms;d_Bacteria;-_Terrabacteria group;p_Actinomycetota;c_Actinomycetes;o_Corynebacteriales;f_Mycobacteriaceae;g_Mycobacterium
k141_44067	1760	class	Actinomycetes	4	4	4	1.000	unknown;Actinomycetota;uc_Actinomycetes	-_cellular organisms;d_Bacteria;-_Terrabacteria group;p_Actinomycetota;c_Actinomycetes
k141_109769	1385	order	Bacillales	1	1	1	1.000	unknown;Bacillota;uc_Bacillales	-_cellular organisms;d_Bacteria;-_Terrabacteria group;p_Bacillota;c_Bacilli;o_Bacillales
k141_58712	290340	strain	Paenarthrobacter aurescens TC1	2	2	1	0.920	unknown;Actinomycetota;Micrococcaceae	-_cellular organisms;d_Bacteria;-_Terrabacteria group;p_Actinomycetota;c_Actinomycetes;o_Micrococcales;f_Micrococcaceae;g_Paenarthrobacter;s_Paenarthrobacter aurescens;-_Paenarthrobacter aurescens TC1
k141_18522	2	superkingdom	Bacteria	1	1	1	1.000	uc_Bacteria;uc_Bacteria;uc_Bacteria	-_cellular organisms;d_Bacteria
k141_109796	91061	class	Bacilli	1	1	1	1.000	unknown;Bacillota;uc_Bacilli	-_cellular organisms;d_Bacteria;-_Terrabacteria group;p_Bacillota;c_Bacilli
k141_86252	2	superkingdom	Bacteria	1	1	1	1.000	uc_Bacteria;uc_Bacteria;uc_Bacteria	-_cellular organisms;d_Bacteria
k141_93740	1224	phylum	Pseudomonadota	2	2	2	1.000	unknown;Pseudomonadota;uc_Pseudomonadota	-_cellular organisms;d_Bacteria;p_Pseudomonadota
k141_111971	269799	strain	Geobacter metallireducens GS-15	2	2	1	0.500	unknown;Pseudomonadota;Geobacteraceae	-_cellular organisms;d_Bacteria;p_Pseudomonadota;-_delta/epsilon subdivisions;c_Deltaproteobacteria;o_Desulfuromonadales;f_Geobacteraceae;g_Geobacter;s_Geobacter metallireducens;-_Geobacter metallireducens GS-15
k141_65085	1763	genus	Mycobacterium	1	1	1	1.000	unknown;Actinomycetota;Mycobacteriaceae	-_cellular organisms;d_Bacteria;-_Terrabacteria group;p_Actinomycetota;c_Actinomycetes;o_Corynebacteriales;f_Mycobacteriaceae;g_Mycobacterium
k141_6371	309803	strain	Thermotoga neapolitana DSM 4359	2	2	1	0.500	unknown;Thermotogota;Thermotogaceae	-_cellular organisms;d_Bacteria;p_Thermotogota;c_Thermotogae;o_Thermotogales;f_Thermotogaceae;g_Thermotoga;s_Thermotoga neapolitana;-_Thermotoga neapolitana DSM 4359
k141_65103	1760	class	Actinomycetes	2	2	1	0.500	unknown;Actinomycetota;uc_Actinomycetes	-_cellular organisms;d_Bacteria;-_Terrabacteria group;p_Actinomycetota;c_Actinomycetes
k141_56296	224308	strain	Bacillus subtilis subsp. subtilis str. 168	1	1	1	1.000	unknown;Bacillota;Bacillaceae	-_cellular organisms;d_Bacteria;-_Terrabacteria group;p_Bacillota;c_Bacilli;o_Bacillales;f_Bacillaceae;g_Bacillus;-_Bacillus subtilis group;s_Bacillus subtilis;-_Bacillus subtilis subsp. subtilis;-_Bacillus subtilis subsp. subtilis str. 168
k141_36120	1760	class	Actinomycetes	1	1	1	1.000	unknown;Actinomycetota;uc_Actinomycetes	-_cellular organisms;d_Bacteria;-_Terrabacteria group;p_Actinomycetota;c_Actinomycetes
k141_115784	131567	no rank	cellular organisms	1	1	1	1.000	unknown;unknown;unknown	-_cellular organisms
k141_90123	471853	strain	Beutenbergia cavernae DSM 12333	3	2	1	0.500	unknown;Actinomycetota;Beutenbergiaceae	-_cellular organisms;d_Bacteria;-_Terrabacteria group;p_Actinomycetota;c_Actinomycetes;o_Micrococcales;f_Beutenbergiaceae;g_Beutenbergia;s_Beutenbergia cavernae;-_Beutenbergia cavernae DSM 12333
k141_76812	1760	class	Actinomycetes	1	1	1	1.000	unknown;Actinomycetota;uc_Actinomycetes	-_cellular organisms;d_Bacteria;-_Terrabacteria group;p_Actinomycetota;c_Actinomycetes
k141_81	85006	order	Micrococcales	2	2	1	0.500	unknown;Actinomycetota;uc_Micrococcales	-_cellular organisms;d_Bacteria;-_Terrabacteria group;p_Actinomycetota;c_Actinomycetes;o_Micrococcales
k141_25735	85006	order	Micrococcales	1	1	1	1.000	unknown;Actinomycetota;uc_Micrococcales	-_cellular organisms;d_Bacteria;-_Terrabacteria group;p_Actinomycetota;c_Actinomycetes;o_Micrococcales
k141_102283	224308	strain	Bacillus subtilis subsp. subtilis str. 168	1	1	1	1.000	unknown;Bacillota;Bacillaceae	-_cellular organisms;d_Bacteria;-_Terrabacteria group;p_Bacillota;c_Bacilli;o_Bacillales;f_Bacillaceae;g_Bacillus;-_Bacillus subtilis group;s_Bacillus subtilis;-_Bacillus subtilis subsp. subtilis;-_Bacillus subtilis subsp. subtilis str. 168
k141_84044	1385	order	Bacillales	1	1	1	1.000	unknown;Bacillota;uc_Bacillales	-_cellular organisms;d_Bacteria;-_Terrabacteria group;p_Bacillota;c_Bacilli;o_Bacillales
k141_65822	1224	phylum	Pseudomonadota	1	1	1	1.000	unknown;Pseudomonadota;uc_Pseudomonadota	-_cellular organisms;d_Bacteria;p_Pseudomonadota
k141_192	471853	strain	Beutenbergia cavernae DSM 12333	2	2	1	0.500	unknown;Actinomycetota;Beutenbergiaceae	-_cellular organisms;d_Bacteria;-_Terrabacteria group;p_Actinomycetota;c_Actinomycetes;o_Micrococcales;f_Beutenbergiaceae;g_Beutenbergia;s_Beutenbergia cavernae;-_Beutenbergia cavernae DSM 12333
k141_95038	100226	strain	Streptomyces coelicolor A3(2)	2	2	1	0.500	unknown;Actinomycetota;Streptomycetaceae	-_cellular organisms;d_Bacteria;-_Terrabacteria group;p_Actinomycetota;c_Actinomycetes;o_Streptomycetales;f_Streptomycetaceae;g_Streptomyces;-_Streptomyces albidoflavus group;s_Streptomyces coelicolor;-_Streptomyces coelicolor A3(2)
k141_25805	1763	genus	Mycobacterium	1	1	1	1.000	unknown;Actinomycetota;Mycobacteriaceae	-_cellular organisms;d_Bacteria;-_Terrabacteria group;p_Actinomycetota;c_Actinomycetes;o_Corynebacteriales;f_Mycobacteriaceae;g_Mycobacterium
k141_25806	471852	strain	Thermomonospora curvata DSM 43183	1	1	1	1.000	unknown;Actinomycetota;Thermomonosporaceae	-_cellular organisms;d_Bacteria;-_Terrabacteria group;p_Actinomycetota;c_Actinomycetes;o_Streptosporangiales;f_Thermomonosporaceae;g_Thermomonospora;s_Thermomonospora curvata;-_Thermomonospora curvata DSM 43183
k141_17591	370438	strain	Pelotomaculum thermopropionicum SI	3	2	1	0.930	unknown;Bacillota;Desulfotomaculaceae	-_cellular organisms;d_Bacteria;-_Terrabacteria group;p_Bacillota;c_Clostridia;o_Eubacteriales;f_Desulfotomaculaceae;g_Pelotomaculum;s_Pelotomaculum thermopropionicum;-_Pelotomaculum thermopropionicum SI
k141_68772	131567	no rank	cellular organisms	1	1	1	1.000	unknown;unknown;unknown	-_cellular organisms
k141_49818	1773	species	Mycobacterium tuberculosis	2	2	1	0.500	unknown;Actinomycetota;Mycobacteriaceae	-_cellular organisms;d_Bacteria;-_Terrabacteria group;p_Actinomycetota;c_Actinomycetes;o_Corynebacteriales;f_Mycobacteriaceae;g_Mycobacterium;-_Mycobacterium tuberculosis complex;s_Mycobacterium tuberculosis
k141_108946	2759	superkingdom	Eukaryota	1	1	1	1.000	uc_Eukaryota;uc_Eukaryota;uc_Eukaryota	-_cellular organisms;d_Eukaryota
k141_17624	1239	phylum	Bacillota	1	1	1	1.000	unknown;Bacillota;uc_Bacillota	-_cellular organisms;d_Bacteria;-_Terrabacteria group;p_Bacillota
k141_13776	1224	phylum	Pseudomonadota	1	1	1	1.000	unknown;Pseudomonadota;uc_Pseudomonadota	-_cellular organisms;d_Bacteria;p_Pseudomonadota
k141_112333	1239	phylum	Bacillota	1	1	1	1.000	unknown;Bacillota;uc_Bacillota	-_cellular organisms;d_Bacteria;-_Terrabacteria group;p_Bacillota
k141_10255	0	no rank	unclassified	1	0	0	0.000		
k141_79559	131567	no rank	cellular organisms	1	1	1	1.000	unknown;unknown;unknown	-_cellular organisms
k141_86777	0	no rank	unclassified	1	0	0	0.000		
k141_71379	85023	family	Microbacteriaceae	2	2	1	0.500	unknown;Actinomycetota;Microbacteriaceae	-_cellular organisms;d_Bacteria;-_Terrabacteria group;p_Actinomycetota;c_Actinomycetes;o_Micrococcales;f_Microbacteriaceae
k141_100284	1950	species	Streptomyces peucetius	2	2	1	0.500	unknown;Actinomycetota;Streptomycetaceae	-_cellular organisms;d_Bacteria;-_Terrabacteria group;p_Actinomycetota;c_Actinomycetes;o_Streptomycetales;f_Streptomycetaceae;g_Streptomyces;s_Streptomyces peucetius
k141_115340	2062	family	Streptomycetaceae	2	1	1	1.000	unknown;Actinomycetota;Streptomycetaceae	-_cellular organisms;d_Bacteria;-_Terrabacteria group;p_Actinomycetota;c_Actinomycetes;o_Streptomycetales;f_Streptomycetaceae
k141_85950	1236	class	Gammaproteobacteria	2	2	2	1.000	unknown;Pseudomonadota;uc_Gammaproteobacteria	-_cellular organisms;d_Bacteria;p_Pseudomonadota;c_Gammaproteobacteria
k141_96704	0	no rank	unclassified	1	0	0	0.000		
k141_38888	471853	strain	Beutenbergia cavernae DSM 12333	2	2	1	0.940	unknown;Actinomycetota;Beutenbergiaceae	-_cellular organisms;d_Bacteria;-_Terrabacteria group;p_Actinomycetota;c_Actinomycetes;o_Micrococcales;f_Beutenbergiaceae;g_Beutenbergia;s_Beutenbergia cavernae;-_Beutenbergia cavernae DSM 12333
k141_13286	446469	strain	Sanguibacter keddieii DSM 10542	1	1	1	1.000	unknown;Actinomycetota;Sanguibacteraceae	-_cellular organisms;d_Bacteria;-_Terrabacteria group;p_Actinomycetota;c_Actinomycetes;o_Micrococcales;f_Sanguibacteraceae;g_Sanguibacter;s_Sanguibacter keddieii;-_Sanguibacter keddieii DSM 10542
k141_75329	1762	family	Mycobacteriaceae	2	2	1	0.500	unknown;Actinomycetota;Mycobacteriaceae	-_cellular organisms;d_Bacteria;-_Terrabacteria group;p_Actinomycetota;c_Actinomycetes;o_Corynebacteriales;f_Mycobacteriaceae
k141_64819	28221	class	Deltaproteobacteria	2	2	1	0.500	unknown;Pseudomonadota;uc_Deltaproteobacteria	-_cellular organisms;d_Bacteria;p_Pseudomonadota;-_delta/epsilon subdivisions;c_Deltaproteobacteria
k141_23981	267747	strain	Cutibacterium acnes KPA171202	1	1	1	1.000	unknown;Actinomycetota;Propionibacteriaceae	-_cellular organisms;d_Bacteria;-_Terrabacteria group;p_Actinomycetota;c_Actinomycetes;o_Propionibacteriales;f_Propionibacteriaceae;g_Cutibacterium;s_Cutibacterium acnes;-_Cutibacterium acnes KPA171202
k141_68162	1773	species	Mycobacterium tuberculosis	1	1	1	1.000	unknown;Actinomycetota;Mycobacteriaceae	-_cellular organisms;d_Bacteria;-_Terrabacteria group;p_Actinomycetota;c_Actinomycetes;o_Corynebacteriales;f_Mycobacteriaceae;g_Mycobacterium;-_Mycobacterium tuberculosis complex;s_Mycobacterium tuberculosis
k141_36903	286	genus	Pseudomonas	1	1	1	1.000	unknown;Pseudomonadota;Pseudomonadaceae	-_cellular organisms;d_Bacteria;p_Pseudomonadota;c_Gammaproteobacteria;o_Pseudomonadales;f_Pseudomonadaceae;g_Pseudomonas
k141_98765	0	no rank	unclassified	1	0	0	0.000		
k141_29620	131567	no rank	cellular organisms	1	1	1	1.000	unknown;unknown;unknown	-_cellular organisms
k141_109816	768066	strain	Halomonas elongata DSM 2581	1	1	1	1.000	unknown;Pseudomonadota;Halomonadaceae	-_cellular organisms;d_Bacteria;p_Pseudomonadota;c_Gammaproteobacteria;o_Oceanospirillales;f_Halomonadaceae;g_Halomonas;s_Halomonas elongata;-_Halomonas elongata DSM 2581
k141_87929	2	superkingdom	Bacteria	2	2	2	1.000	uc_Bacteria;uc_Bacteria;uc_Bacteria	-_cellular organisms;d_Bacteria
k141_98830	1762	family	Mycobacteriaceae	3	3	2	0.670	unknown;Actinomycetota;Mycobacteriaceae	-_cellular organisms;d_Bacteria;-_Terrabacteria group;p_Actinomycetota;c_Actinomycetes;o_Corynebacteriales;f_Mycobacteriaceae
k141_95236	1760	class	Actinomycetes	2	2	1	0.500	unknown;Actinomycetota;uc_Actinomycetes	-_cellular organisms;d_Bacteria;-_Terrabacteria group;p_Actinomycetota;c_Actinomycetes
k141_69760	224308	strain	Bacillus subtilis subsp. subtilis str. 168	1	1	1	1.000	unknown;Bacillota;Bacillaceae	-_cellular organisms;d_Bacteria;-_Terrabacteria group;p_Bacillota;c_Bacilli;o_Bacillales;f_Bacillaceae;g_Bacillus;-_Bacillus subtilis group;s_Bacillus subtilis;-_Bacillus subtilis subsp. subtilis;-_Bacillus subtilis subsp. subtilis str. 168
k141_113368	479435	strain	Kribbella flavida DSM 17836	1	1	1	1.000	unknown;Actinomycetota;Kribbellaceae	-_cellular organisms;d_Bacteria;-_Terrabacteria group;p_Actinomycetota;c_Actinomycetes;o_Propionibacteriales;f_Kribbellaceae;g_Kribbella;s_Kribbella flavida;-_Kribbella flavida DSM 17836
k141_58817	2	superkingdom	Bacteria	1	1	1	1.000	uc_Bacteria;uc_Bacteria;uc_Bacteria	-_cellular organisms;d_Bacteria
k141_73670	1762	family	Mycobacteriaceae	2	1	1	1.000	unknown;Actinomycetota;Mycobacteriaceae	-_cellular organisms;d_Bacteria;-_Terrabacteria group;p_Actinomycetota;c_Actinomycetes;o_Corynebacteriales;f_Mycobacteriaceae
k141_11668	100226	strain	Streptomyces coelicolor A3(2)	2	2	1	0.500	unknown;Actinomycetota;Streptomycetaceae	-_cellular organisms;d_Bacteria;-_Terrabacteria group;p_Actinomycetota;c_Actinomycetes;o_Streptomycetales;f_Streptomycetaceae;g_Streptomyces;-_Streptomyces albidoflavus group;s_Streptomyces coelicolor;-_Streptomyces coelicolor A3(2)
k141_37468	1268	family	Micrococcaceae	1	1	1	1.000	unknown;Actinomycetota;Micrococcaceae	-_cellular organisms;d_Bacteria;-_Terrabacteria group;p_Actinomycetota;c_Actinomycetes;o_Micrococcales;f_Micrococcaceae
k141_70162	1760	class	Actinomycetes	1	1	1	1.000	unknown;Actinomycetota;uc_Actinomycetes	-_cellular organisms;d_Bacteria;-_Terrabacteria group;p_Actinomycetota;c_Actinomycetes
k141_22397	1763	genus	Mycobacterium	1	1	1	1.000	unknown;Actinomycetota;Mycobacteriaceae	-_cellular organisms;d_Bacteria;-_Terrabacteria group;p_Actinomycetota;c_Actinomycetes;o_Corynebacteriales;f_Mycobacteriaceae;g_Mycobacterium
k141_22398	131567	no rank	cellular organisms	1	1	1	1.000	unknown;unknown;unknown	-_cellular organisms
k141_84579	1773	species	Mycobacterium tuberculosis	2	2	1	0.500	unknown;Actinomycetota;Mycobacteriaceae	-_cellular organisms;d_Bacteria;-_Terrabacteria group;p_Actinomycetota;c_Actinomycetes;o_Corynebacteriales;f_Mycobacteriaceae;g_Mycobacterium;-_Mycobacterium tuberculosis complex;s_Mycobacterium tuberculosis
k141_59236	100226	strain	Streptomyces coelicolor A3(2)	2	2	1	0.500	unknown;Actinomycetota;Streptomycetaceae	-_cellular organisms;d_Bacteria;-_Terrabacteria group;p_Actinomycetota;c_Actinomycetes;o_Streptomycetales;f_Streptomycetaceae;g_Streptomyces;-_Streptomyces albidoflavus group;s_Streptomyces coelicolor;-_Streptomyces coelicolor A3(2)
k141_66364	1773	species	Mycobacterium tuberculosis	2	2	1	0.500	unknown;Actinomycetota;Mycobacteriaceae	-_cellular organisms;d_Bacteria;-_Terrabacteria group;p_Actinomycetota;c_Actinomycetes;o_Corynebacteriales;f_Mycobacteriaceae;g_Mycobacterium;-_Mycobacterium tuberculosis complex;s_Mycobacterium tuberculosis
k141_26352	100226	strain	Streptomyces coelicolor A3(2)	1	1	1	1.000	unknown;Actinomycetota;Streptomycetaceae	-_cellular organisms;d_Bacteria;-_Terrabacteria group;p_Actinomycetota;c_Actinomycetes;o_Streptomycetales;f_Streptomycetaceae;g_Streptomyces;-_Streptomyces albidoflavus group;s_Streptomyces coelicolor;-_Streptomyces coelicolor A3(2)
k141_1164	1836	species	Saccharopolyspora erythraea	2	2	1	0.500	unknown;Actinomycetota;Pseudonocardiaceae	-_cellular organisms;d_Bacteria;-_Terrabacteria group;p_Actinomycetota;c_Actinomycetes;o_Pseudonocardiales;f_Pseudonocardiaceae;g_Saccharopolyspora;s_Saccharopolyspora erythraea
k141_60541	1760	class	Actinomycetes	3	3	3	1.000	unknown;Actinomycetota;uc_Actinomycetes	-_cellular organisms;d_Bacteria;-_Terrabacteria group;p_Actinomycetota;c_Actinomycetes
k141_78557	1883	genus	Streptomyces	1	1	1	1.000	unknown;Actinomycetota;Streptomycetaceae	-_cellular organisms;d_Bacteria;-_Terrabacteria group;p_Actinomycetota;c_Actinomycetes;o_Streptomycetales;f_Streptomycetaceae;g_Streptomyces
k141_9155	131567	no rank	cellular organisms	1	1	1	1.000	unknown;unknown;unknown	-_cellular organisms
k141_27466	55952	species	Streptomyces toyocaensis	1	1	1	1.000	unknown;Actinomycetota;Streptomycetaceae	-_cellular organisms;d_Bacteria;-_Terrabacteria group;p_Actinomycetota;c_Actinomycetes;o_Streptomycetales;f_Streptomycetaceae;g_Streptomyces;s_Streptomyces toyocaensis
k141_27483	0	no rank	unclassified	1	0	0	0.000		
k141_89215	1239	phylum	Bacillota	1	1	1	1.000	unknown;Bacillota;uc_Bacillota	-_cellular organisms;d_Bacteria;-_Terrabacteria group;p_Bacillota
k141_42220	131567	no rank	cellular organisms	1	1	1	1.000	unknown;unknown;unknown	-_cellular organisms
k141_92827	1760	class	Actinomycetes	3	3	3	1.000	unknown;Actinomycetota;uc_Actinomycetes	-_cellular organisms;d_Bacteria;-_Terrabacteria group;p_Actinomycetota;c_Actinomycetes
k141_111270	293826	strain	Alkaliphilus metalliredigens QYMF	1	1	1	1.000	unknown;Bacillota;Clostridiaceae	-_cellular organisms;d_Bacteria;-_Terrabacteria group;p_Bacillota;c_Clostridia;o_Eubacteriales;f_Clostridiaceae;g_Alkaliphilus;s_Alkaliphilus metalliredigens;-_Alkaliphilus metalliredigens QYMF
k141_57987	0	no rank	unclassified	1	0	0	0.000		
k141_51017	1678	genus	Bifidobacterium	2	2	1	0.500	unknown;Actinomycetota;Bifidobacteriaceae	-_cellular organisms;d_Bacteria;-_Terrabacteria group;p_Actinomycetota;c_Actinomycetes;o_Bifidobacteriales;f_Bifidobacteriaceae;g_Bifidobacterium
k141_97521	471853	strain	Beutenbergia cavernae DSM 12333	2	2	1	0.500	unknown;Actinomycetota;Beutenbergiaceae	-_cellular organisms;d_Bacteria;-_Terrabacteria group;p_Actinomycetota;c_Actinomycetes;o_Micrococcales;f_Beutenbergiaceae;g_Beutenbergia;s_Beutenbergia cavernae;-_Beutenbergia cavernae DSM 12333
k141_97711	281090	strain	Leifsonia xyli subsp. xyli str. CTCB07	1	1	1	1.000	unknown;Actinomycetota;Microbacteriaceae	-_cellular organisms;d_Bacteria;-_Terrabacteria group;p_Actinomycetota;c_Actinomycetes;o_Micrococcales;f_Microbacteriaceae;g_Leifsonia;s_Leifsonia xyli;-_Leifsonia xyli subsp. xyli;-_Leifsonia xyli subsp. xyli str. CTCB07
k141_97715	1760	class	Actinomycetes	2	2	1	0.500	unknown;Actinomycetota;uc_Actinomycetes	-_cellular organisms;d_Bacteria;-_Terrabacteria group;p_Actinomycetota;c_Actinomycetes
k141_98066	1239	phylum	Bacillota	1	1	1	1.000	unknown;Bacillota;uc_Bacillota	-_cellular organisms;d_Bacteria;-_Terrabacteria group;p_Bacillota
k141_98177	2	superkingdom	Bacteria	2	2	1	0.500	uc_Bacteria;uc_Bacteria;uc_Bacteria	-_cellular organisms;d_Bacteria
k141_98209	1760	class	Actinomycetes	1	1	1	1.000	unknown;Actinomycetota;uc_Actinomycetes	-_cellular organisms;d_Bacteria;-_Terrabacteria group;p_Actinomycetota;c_Actinomycetes
k141_98240	1916	species	Streptomyces lividans	1	1	1	1.000	unknown;Actinomycetota;Streptomycetaceae	-_cellular organisms;d_Bacteria;-_Terrabacteria group;p_Actinomycetota;c_Actinomycetes;o_Streptomycetales;f_Streptomycetaceae;g_Streptomyces;s_Streptomyces lividans
k141_98325	512565	strain	Actinoplanes missouriensis 431	2	2	1	0.500	unknown;Actinomycetota;Micromonosporaceae	-_cellular organisms;d_Bacteria;-_Terrabacteria group;p_Actinomycetota;c_Actinomycetes;o_Micromonosporales;f_Micromonosporaceae;g_Actinoplanes;s_Actinoplanes missouriensis;-_Actinoplanes missouriensis 431
k141_65651	1760	class	Actinomycetes	1	1	1	1.000	unknown;Actinomycetota;uc_Actinomycetes	-_cellular organisms;d_Bacteria;-_Terrabacteria group;p_Actinomycetota;c_Actinomycetes
k141_14604	1760	class	Actinomycetes	1	1	1	1.000	unknown;Actinomycetota;uc_Actinomycetes	-_cellular organisms;d_Bacteria;-_Terrabacteria group;p_Actinomycetota;c_Actinomycetes
k141_3665	309803	strain	Thermotoga neapolitana DSM 4359	2	2	1	0.500	unknown;Thermotogota;Thermotogaceae	-_cellular organisms;d_Bacteria;p_Thermotogota;c_Thermotogae;o_Thermotogales;f_Thermotogaceae;g_Thermotoga;s_Thermotoga neapolitana;-_Thermotoga neapolitana DSM 4359
k141_18271	266940	strain	Kineococcus radiotolerans SRS30216 = ATCC BAA-149	3	2	2	1.000	unknown;Actinomycetota;Kineosporiaceae	-_cellular organisms;d_Bacteria;-_Terrabacteria group;p_Actinomycetota;c_Actinomycetes;o_Kineosporiales;f_Kineosporiaceae;g_Kineococcus;s_Kineococcus radiotolerans;-_Kineococcus radiotolerans SRS30216 = ATCC BAA-149
k141_51095	100226	strain	Streptomyces coelicolor A3(2)	1	1	1	1.000	unknown;Actinomycetota;Streptomycetaceae	-_cellular organisms;d_Bacteria;-_Terrabacteria group;p_Actinomycetota;c_Actinomycetes;o_Streptomycetales;f_Streptomycetaceae;g_Streptomyces;-_Streptomyces albidoflavus group;s_Streptomyces coelicolor;-_Streptomyces coelicolor A3(2)
k141_80277	0	no rank	unclassified	1	0	0	0.000		
k141_69359	224308	strain	Bacillus subtilis subsp. subtilis str. 168	1	1	1	1.000	unknown;Bacillota;Bacillaceae	-_cellular organisms;d_Bacteria;-_Terrabacteria group;p_Bacillota;c_Bacilli;o_Bacillales;f_Bacillaceae;g_Bacillus;-_Bacillus subtilis group;s_Bacillus subtilis;-_Bacillus subtilis subsp. subtilis;-_Bacillus subtilis subsp. subtilis str. 168
k141_3710	269800	strain	Thermobifida fusca YX	2	2	1	0.500	unknown;Actinomycetota;Nocardiopsaceae	-_cellular organisms;d_Bacteria;-_Terrabacteria group;p_Actinomycetota;c_Actinomycetes;o_Streptosporangiales;f_Nocardiopsaceae;g_Thermobifida;s_Thermobifida fusca;-_Thermobifida fusca YX
k141_80302	471853	strain	Beutenbergia cavernae DSM 12333	1	1	1	1.000	unknown;Actinomycetota;Beutenbergiaceae	-_cellular organisms;d_Bacteria;-_Terrabacteria group;p_Actinomycetota;c_Actinomycetes;o_Micrococcales;f_Beutenbergiaceae;g_Beutenbergia;s_Beutenbergia cavernae;-_Beutenbergia cavernae DSM 12333
k141_109484	131567	no rank	cellular organisms	1	1	1	1.000	unknown;unknown;unknown	-_cellular organisms
k141_79760	266940	strain	Kineococcus radiotolerans SRS30216 = ATCC BAA-149	2	2	1	0.500	unknown;Actinomycetota;Kineosporiaceae	-_cellular organisms;d_Bacteria;-_Terrabacteria group;p_Actinomycetota;c_Actinomycetes;o_Kineosporiales;f_Kineosporiaceae;g_Kineococcus;s_Kineococcus radiotolerans;-_Kineococcus radiotolerans SRS30216 = ATCC BAA-149
k141_83538	216816	species	Bifidobacterium longum	2	2	1	0.500	unknown;Actinomycetota;Bifidobacteriaceae	-_cellular organisms;d_Bacteria;-_Terrabacteria group;p_Actinomycetota;c_Actinomycetes;o_Bifidobacteriales;f_Bifidobacteriaceae;g_Bifidobacterium;s_Bifidobacterium longum
k141_43479	83333	strain	Escherichia coli K-12	2	2	1	0.500	unknown;Pseudomonadota;Enterobacteriaceae	-_cellular organisms;d_Bacteria;p_Pseudomonadota;c_Gammaproteobacteria;o_Enterobacterales;f_Enterobacteriaceae;g_Escherichia;s_Escherichia coli;-_Escherichia coli K-12
k141_20961	1763	genus	Mycobacterium	3	3	2	0.950	unknown;Actinomycetota;Mycobacteriaceae	-_cellular organisms;d_Bacteria;-_Terrabacteria group;p_Actinomycetota;c_Actinomycetes;o_Corynebacteriales;f_Mycobacteriaceae;g_Mycobacterium
k141_49922	1773	species	Mycobacterium tuberculosis	2	2	1	0.500	unknown;Actinomycetota;Mycobacteriaceae	-_cellular organisms;d_Bacteria;-_Terrabacteria group;p_Actinomycetota;c_Actinomycetes;o_Corynebacteriales;f_Mycobacteriaceae;g_Mycobacterium;-_Mycobacterium tuberculosis complex;s_Mycobacterium tuberculosis
k141_54434	0	no rank	unclassified	1	0	0	0.000		
k141_14102	83332	strain	Mycobacterium tuberculosis H37Rv	1	1	1	1.000	unknown;Actinomycetota;Mycobacteriaceae	-_cellular organisms;d_Bacteria;-_Terrabacteria group;p_Actinomycetota;c_Actinomycetes;o_Corynebacteriales;f_Mycobacteriaceae;g_Mycobacterium;-_Mycobacterium tuberculosis complex;s_Mycobacterium tuberculosis;-_Mycobacterium tuberculosis H37Rv
k141_28632	3028117	class	Cyanophyceae	1	1	1	1.000	unknown;Cyanobacteriota;uc_Cyanophyceae	-_cellular organisms;d_Bacteria;-_Terrabacteria group;-_Cyanobacteriota/Melainabacteria group;p_Cyanobacteriota;c_Cyanophyceae
k141_101169	131567	no rank	cellular organisms	1	1	1	1.000	unknown;unknown;unknown	-_cellular organisms
k141_17921	196162	species	Nocardioides sp. JS614	1	1	1	1.000	unknown;Actinomycetota;Nocardioidaceae	-_cellular organisms;d_Bacteria;-_Terrabacteria group;p_Actinomycetota;c_Actinomycetes;o_Propionibacteriales;f_Nocardioidaceae;g_Nocardioides;-_unclassified Nocardioides;s_Nocardioides sp. JS614
k141_49058	1773	species	Mycobacterium tuberculosis	1	1	1	1.000	unknown;Actinomycetota;Mycobacteriaceae	-_cellular organisms;d_Bacteria;-_Terrabacteria group;p_Actinomycetota;c_Actinomycetes;o_Corynebacteriales;f_Mycobacteriaceae;g_Mycobacterium;-_Mycobacterium tuberculosis complex;s_Mycobacterium tuberculosis
k141_75070	131567	no rank	cellular organisms	1	1	1	1.000	unknown;unknown;unknown	-_cellular organisms
k141_35357	266834	strain	Sinorhizobium meliloti 1021	1	1	1	1.000	unknown;Pseudomonadota;Rhizobiaceae	-_cellular organisms;d_Bacteria;p_Pseudomonadota;c_Alphaproteobacteria;o_Hyphomicrobiales;f_Rhizobiaceae;-_Sinorhizobium/Ensifer group;g_Sinorhizobium;s_Sinorhizobium meliloti;-_Sinorhizobium meliloti 1021
k141_53451	1883	genus	Streptomyces	1	1	1	1.000	unknown;Actinomycetota;Streptomycetaceae	-_cellular organisms;d_Bacteria;-_Terrabacteria group;p_Actinomycetota;c_Actinomycetes;o_Streptomycetales;f_Streptomycetaceae;g_Streptomyces
k141_45865	131567	no rank	cellular organisms	1	1	1	1.000	unknown;unknown;unknown	-_cellular organisms
k141_38744	471853	strain	Beutenbergia cavernae DSM 12333	1	1	1	1.000	unknown;Actinomycetota;Beutenbergiaceae	-_cellular organisms;d_Bacteria;-_Terrabacteria group;p_Actinomycetota;c_Actinomycetes;o_Micrococcales;f_Beutenbergiaceae;g_Beutenbergia;s_Beutenbergia cavernae;-_Beutenbergia cavernae DSM 12333
k141_68070	0	no rank	unclassified	1	0	0	0.000		
k141_93145	1773	species	Mycobacterium tuberculosis	1	1	1	1.000	unknown;Actinomycetota;Mycobacteriaceae	-_cellular organisms;d_Bacteria;-_Terrabacteria group;p_Actinomycetota;c_Actinomycetes;o_Corynebacteriales;f_Mycobacteriaceae;g_Mycobacterium;-_Mycobacterium tuberculosis complex;s_Mycobacterium tuberculosis
k141_45964	131567	no rank	cellular organisms	1	1	1	1.000	unknown;unknown;unknown	-_cellular organisms
k141_5931	131567	no rank	cellular organisms	1	1	1	1.000	unknown;unknown;unknown	-_cellular organisms
k141_10055	83333	strain	Escherichia coli K-12	1	1	1	1.000	unknown;Pseudomonadota;Enterobacteriaceae	-_cellular organisms;d_Bacteria;p_Pseudomonadota;c_Gammaproteobacteria;o_Enterobacterales;f_Enterobacteriaceae;g_Escherichia;s_Escherichia coli;-_Escherichia coli K-12
k141_28309	213422	family	Geobacteraceae	2	2	1	0.500	unknown;Pseudomonadota;Geobacteraceae	-_cellular organisms;d_Bacteria;p_Pseudomonadota;-_delta/epsilon subdivisions;c_Deltaproteobacteria;o_Desulfuromonadales;f_Geobacteraceae
k141_79395	1773	species	Mycobacterium tuberculosis	1	1	1	1.000	unknown;Actinomycetota;Mycobacteriaceae	-_cellular organisms;d_Bacteria;-_Terrabacteria group;p_Actinomycetota;c_Actinomycetes;o_Corynebacteriales;f_Mycobacteriaceae;g_Mycobacterium;-_Mycobacterium tuberculosis complex;s_Mycobacterium tuberculosis
k141_20622	100226	strain	Streptomyces coelicolor A3(2)	1	1	1	1.000	unknown;Actinomycetota;Streptomycetaceae	-_cellular organisms;d_Bacteria;-_Terrabacteria group;p_Actinomycetota;c_Actinomycetes;o_Streptomycetales;f_Streptomycetaceae;g_Streptomyces;-_Streptomyces albidoflavus group;s_Streptomyces coelicolor;-_Streptomyces coelicolor A3(2)
k141_112226	1760	class	Actinomycetes	2	1	1	1.000	unknown;Actinomycetota;uc_Actinomycetes	-_cellular organisms;d_Bacteria;-_Terrabacteria group;p_Actinomycetota;c_Actinomycetes
k141_17530	243274	strain	Thermotoga maritima MSB8	1	1	1	1.000	unknown;Thermotogota;Thermotogaceae	-_cellular organisms;d_Bacteria;p_Thermotogota;c_Thermotogae;o_Thermotogales;f_Thermotogaceae;g_Thermotoga;s_Thermotoga maritima;-_Thermotoga maritima MSB8
k141_68721	1385	order	Bacillales	2	2	1	0.920	unknown;Bacillota;uc_Bacillales	-_cellular organisms;d_Bacteria;-_Terrabacteria group;p_Bacillota;c_Bacilli;o_Bacillales
k141_36329	83332	strain	Mycobacterium tuberculosis H37Rv	2	2	1	0.500	unknown;Actinomycetota;Mycobacteriaceae	-_cellular organisms;d_Bacteria;-_Terrabacteria group;p_Actinomycetota;c_Actinomycetes;o_Corynebacteriales;f_Mycobacteriaceae;g_Mycobacterium;-_Mycobacterium tuberculosis complex;s_Mycobacterium tuberculosis;-_Mycobacterium tuberculosis H37Rv
k141_61637	471853	strain	Beutenbergia cavernae DSM 12333	1	1	1	1.000	unknown;Actinomycetota;Beutenbergiaceae	-_cellular organisms;d_Bacteria;-_Terrabacteria group;p_Actinomycetota;c_Actinomycetes;o_Micrococcales;f_Beutenbergiaceae;g_Beutenbergia;s_Beutenbergia cavernae;-_Beutenbergia cavernae DSM 12333
k141_49782	1763	genus	Mycobacterium	1	1	1	1.000	unknown;Actinomycetota;Mycobacteriaceae	-_cellular organisms;d_Bacteria;-_Terrabacteria group;p_Actinomycetota;c_Actinomycetes;o_Corynebacteriales;f_Mycobacteriaceae;g_Mycobacterium
