k141_10954	356	order	Hyphomicrobiales	11	9	5	0.560	unknown;Pseudomonadota;uc_Hyphomicrobiales	-_cellular organisms;d_Bacteria;p_Pseudomonadota;c_Alphaproteobacteria;o_Hyphomicrobiales
k141_94850	28211	class	Alphaproteobacteria	2	2	1	0.500	unknown;Pseudomonadota;uc_Alphaproteobacteria	-_cellular organisms;d_Bacteria;p_Pseudomonadota;c_Alphaproteobacteria
k141_83915	356	order	Hyphomicrobiales	3	3	2	0.670	unknown;Pseudomonadota;uc_Hyphomicrobiales	-_cellular organisms;d_Bacteria;p_Pseudomonadota;c_Alphaproteobacteria;o_Hyphomicrobiales
k141_32848	356	order	Hyphomicrobiales	18	15	9	0.600	unknown;Pseudomonadota;uc_Hyphomicrobiales	-_cellular organisms;d_Bacteria;p_Pseudomonadota;c_Alphaproteobacteria;o_Hyphomicrobiales
k141_62086	356	order	Hyphomicrobiales	4	4	2	0.500	unknown;Pseudomonadota;uc_Hyphomicrobiales	-_cellular organisms;d_Bacteria;p_Pseudomonadota;c_Alphaproteobacteria;o_Hyphomicrobiales
k141_83982	1236	class	Gammaproteobacteria	3	3	2	0.970	unknown;Pseudomonadota;uc_Gammaproteobacteria	-_cellular organisms;d_Bacteria;p_Pseudomonadota;c_Gammaproteobacteria
k141_58481	1224	phylum	Pseudomonadota	11	11	6	0.550	unknown;Pseudomonadota;uc_Pseudomonadota	-_cellular organisms;d_Bacteria;p_Pseudomonadota
k141_14751	1224	phylum	Pseudomonadota	21	21	11	0.520	unknown;Pseudomonadota;uc_Pseudomonadota	-_cellular organisms;d_Bacteria;p_Pseudomonadota
k141_113182	1224	phylum	Pseudomonadota	10	10	6	0.600	unknown;Pseudomonadota;uc_Pseudomonadota	-_cellular organisms;d_Bacteria;p_Pseudomonadota
k141_95051	0	no rank	unclassified	1	0	0	0.000		
k141_58950	1224	phylum	Pseudomonadota	11	11	8	0.730	unknown;Pseudomonadota;uc_Pseudomonadota	-_cellular organisms;d_Bacteria;p_Pseudomonadota
k141_29815	1236	class	Gammaproteobacteria	2	2	1	0.500	unknown;Pseudomonadota;uc_Gammaproteobacteria	-_cellular organisms;d_Bacteria;p_Pseudomonadota;c_Gammaproteobacteria
k141_26191	28211	class	Alphaproteobacteria	4	4	3	0.670	unknown;Pseudomonadota;uc_Alphaproteobacteria	-_cellular organisms;d_Bacteria;p_Pseudomonadota;c_Alphaproteobacteria
k141_110006	69006	species	Corynebacterium sp. P-1	2	2	1	0.500	unknown;Actinomycetota;Corynebacteriaceae	-_cellular organisms;d_Bacteria;-_Terrabacteria group;p_Actinomycetota;c_Actinomycetes;o_Corynebacteriales;f_Corynebacteriaceae;g_Corynebacterium;-_unclassified Corynebacterium;s_Corynebacterium sp. P-1
k141_91430	356	order	Hyphomicrobiales	16	16	9	0.560	unknown;Pseudomonadota;uc_Hyphomicrobiales	-_cellular organisms;d_Bacteria;p_Pseudomonadota;c_Alphaproteobacteria;o_Hyphomicrobiales
k141_11608	1236	class	Gammaproteobacteria	1	1	1	1.000	unknown;Pseudomonadota;uc_Gammaproteobacteria	-_cellular organisms;d_Bacteria;p_Pseudomonadota;c_Gammaproteobacteria
k141_29832	28211	class	Alphaproteobacteria	29	27	15	0.540	unknown;Pseudomonadota;uc_Alphaproteobacteria	-_cellular organisms;d_Bacteria;p_Pseudomonadota;c_Alphaproteobacteria
k141_37356	301	species	Pseudomonas oleovorans	1	1	1	1.000	unknown;Pseudomonadota;Pseudomonadaceae	-_cellular organisms;d_Bacteria;p_Pseudomonadota;c_Gammaproteobacteria;o_Pseudomonadales;f_Pseudomonadaceae;g_Pseudomonas;-_Pseudomonas aeruginosa group;-_Pseudomonas oleovorans/pseudoalcaligenes group;s_Pseudomonas oleovorans
k141_48137	1224	phylum	Pseudomonadota	34	31	19	0.600	unknown;Pseudomonadota;uc_Pseudomonadota	-_cellular organisms;d_Bacteria;p_Pseudomonadota
k141_88137	356	order	Hyphomicrobiales	19	17	9	0.530	unknown;Pseudomonadota;uc_Hyphomicrobiales	-_cellular organisms;d_Bacteria;p_Pseudomonadota;c_Alphaproteobacteria;o_Hyphomicrobiales
k141_81082	28211	class	Alphaproteobacteria	13	13	9	0.750	unknown;Pseudomonadota;uc_Alphaproteobacteria	-_cellular organisms;d_Bacteria;p_Pseudomonadota;c_Alphaproteobacteria
k141_11714	356	order	Hyphomicrobiales	17	13	7	0.580	unknown;Pseudomonadota;uc_Hyphomicrobiales	-_cellular organisms;d_Bacteria;p_Pseudomonadota;c_Alphaproteobacteria;o_Hyphomicrobiales
k141_26275	28211	class	Alphaproteobacteria	5	5	3	0.600	unknown;Pseudomonadota;uc_Alphaproteobacteria	-_cellular organisms;d_Bacteria;p_Pseudomonadota;c_Alphaproteobacteria
k141_30088	1224	phylum	Pseudomonadota	8	8	4	0.500	unknown;Pseudomonadota;uc_Pseudomonadota	-_cellular organisms;d_Bacteria;p_Pseudomonadota
k141_8234	1224	phylum	Pseudomonadota	5	5	3	0.600	unknown;Pseudomonadota;uc_Pseudomonadota	-_cellular organisms;d_Bacteria;p_Pseudomonadota
k141_77555	1224	phylum	Pseudomonadota	3	3	2	0.670	unknown;Pseudomonadota;uc_Pseudomonadota	-_cellular organisms;d_Bacteria;p_Pseudomonadota
k141_59425	1224	phylum	Pseudomonadota	12	11	6	0.600	unknown;Pseudomonadota;uc_Pseudomonadota	-_cellular organisms;d_Bacteria;p_Pseudomonadota
k141_99152	356	order	Hyphomicrobiales	7	7	4	0.570	unknown;Pseudomonadota;uc_Hyphomicrobiales	-_cellular organisms;d_Bacteria;p_Pseudomonadota;c_Alphaproteobacteria;o_Hyphomicrobiales
k141_26587	1224	phylum	Pseudomonadota	8	8	4	0.500	unknown;Pseudomonadota;uc_Pseudomonadota	-_cellular organisms;d_Bacteria;p_Pseudomonadota
k141_91746	28211	class	Alphaproteobacteria	32	29	17	0.590	unknown;Pseudomonadota;uc_Alphaproteobacteria	-_cellular organisms;d_Bacteria;p_Pseudomonadota;c_Alphaproteobacteria
k141_103736	28211	class	Alphaproteobacteria	15	14	8	0.570	unknown;Pseudomonadota;uc_Alphaproteobacteria	-_cellular organisms;d_Bacteria;p_Pseudomonadota;c_Alphaproteobacteria
k141_27118	1224	phylum	Pseudomonadota	24	24	16	0.670	unknown;Pseudomonadota;uc_Pseudomonadota	-_cellular organisms;d_Bacteria;p_Pseudomonadota
k141_88850	356	order	Hyphomicrobiales	1	1	1	1.000	unknown;Pseudomonadota;uc_Hyphomicrobiales	-_cellular organisms;d_Bacteria;p_Pseudomonadota;c_Alphaproteobacteria;o_Hyphomicrobiales
k141_111013	2	superkingdom	Bacteria	4	4	4	1.000	uc_Bacteria;uc_Bacteria;uc_Bacteria	-_cellular organisms;d_Bacteria
k141_60149	356	order	Hyphomicrobiales	11	11	6	0.550	unknown;Pseudomonadota;uc_Hyphomicrobiales	-_cellular organisms;d_Bacteria;p_Pseudomonadota;c_Alphaproteobacteria;o_Hyphomicrobiales
k141_16251	28211	class	Alphaproteobacteria	4	3	2	0.670	unknown;Pseudomonadota;uc_Alphaproteobacteria	-_cellular organisms;d_Bacteria;p_Pseudomonadota;c_Alphaproteobacteria
k141_71833	1236	class	Gammaproteobacteria	2	2	1	0.500	unknown;Pseudomonadota;uc_Gammaproteobacteria	-_cellular organisms;d_Bacteria;p_Pseudomonadota;c_Gammaproteobacteria
k141_103861	1224	phylum	Pseudomonadota	16	16	12	0.750	unknown;Pseudomonadota;uc_Pseudomonadota	-_cellular organisms;d_Bacteria;p_Pseudomonadota
k141_30889	1224	phylum	Pseudomonadota	9	8	6	0.750	unknown;Pseudomonadota;uc_Pseudomonadota	-_cellular organisms;d_Bacteria;p_Pseudomonadota
k141_34993	2	superkingdom	Bacteria	8	8	4	0.570	uc_Bacteria;uc_Bacteria;uc_Bacteria	-_cellular organisms;d_Bacteria
k141_28061	1236	class	Gammaproteobacteria	1	1	1	1.000	unknown;Pseudomonadota;uc_Gammaproteobacteria	-_cellular organisms;d_Bacteria;p_Pseudomonadota;c_Gammaproteobacteria
k141_100528	28211	class	Alphaproteobacteria	8	8	4	0.500	unknown;Pseudomonadota;uc_Alphaproteobacteria	-_cellular organisms;d_Bacteria;p_Pseudomonadota;c_Alphaproteobacteria
k141_86232	28211	class	Alphaproteobacteria	13	13	8	0.550	unknown;Pseudomonadota;uc_Alphaproteobacteria	-_cellular organisms;d_Bacteria;p_Pseudomonadota;c_Alphaproteobacteria
k141_115731	356	order	Hyphomicrobiales	13	12	9	0.810	unknown;Pseudomonadota;uc_Hyphomicrobiales	-_cellular organisms;d_Bacteria;p_Pseudomonadota;c_Alphaproteobacteria;o_Hyphomicrobiales
k141_24373	1224	phylum	Pseudomonadota	5	4	2	0.500	unknown;Pseudomonadota;uc_Pseudomonadota	-_cellular organisms;d_Bacteria;p_Pseudomonadota
k141_86353	356	order	Hyphomicrobiales	6	6	4	0.670	unknown;Pseudomonadota;uc_Hyphomicrobiales	-_cellular organisms;d_Bacteria;p_Pseudomonadota;c_Alphaproteobacteria;o_Hyphomicrobiales
k141_112054	356	order	Hyphomicrobiales	1	1	1	1.000	unknown;Pseudomonadota;uc_Hyphomicrobiales	-_cellular organisms;d_Bacteria;p_Pseudomonadota;c_Alphaproteobacteria;o_Hyphomicrobiales
k141_49719	2	superkingdom	Bacteria	1	1	1	1.000	uc_Bacteria;uc_Bacteria;uc_Bacteria	-_cellular organisms;d_Bacteria
k141_49746	2	superkingdom	Bacteria	10	10	6	0.600	uc_Bacteria;uc_Bacteria;uc_Bacteria	-_cellular organisms;d_Bacteria
k141_112227	2	superkingdom	Bacteria	2	2	1	0.500	uc_Bacteria;uc_Bacteria;uc_Bacteria	-_cellular organisms;d_Bacteria
k141_78505	712	family	Pasteurellaceae	2	1	1	1.000	unknown;Pseudomonadota;Pasteurellaceae	-_cellular organisms;d_Bacteria;p_Pseudomonadota;c_Gammaproteobacteria;o_Pasteurellales;f_Pasteurellaceae
k141_74684	2	superkingdom	Bacteria	27	25	21	0.840	uc_Bacteria;uc_Bacteria;uc_Bacteria	-_cellular organisms;d_Bacteria
k141_1182	356	order	Hyphomicrobiales	13	11	7	0.640	unknown;Pseudomonadota;uc_Hyphomicrobiales	-_cellular organisms;d_Bacteria;p_Pseudomonadota;c_Alphaproteobacteria;o_Hyphomicrobiales
k141_55261	1236	class	Gammaproteobacteria	1	1	1	1.000	unknown;Pseudomonadota;uc_Gammaproteobacteria	-_cellular organisms;d_Bacteria;p_Pseudomonadota;c_Gammaproteobacteria
k141_67821	1224	phylum	Pseudomonadota	8	8	4	0.500	unknown;Pseudomonadota;uc_Pseudomonadota	-_cellular organisms;d_Bacteria;p_Pseudomonadota
k141_9297	2	superkingdom	Bacteria	4	3	3	1.000	uc_Bacteria;uc_Bacteria;uc_Bacteria	-_cellular organisms;d_Bacteria
k141_5798	83333	strain	Escherichia coli K-12	2	2	1	0.500	unknown;Pseudomonadota;Enterobacteriaceae	-_cellular organisms;d_Bacteria;p_Pseudomonadota;c_Gammaproteobacteria;o_Enterobacterales;f_Enterobacteriaceae;g_Escherichia;s_Escherichia coli;-_Escherichia coli K-12
k141_5873	1224	phylum	Pseudomonadota	5	5	4	0.750	unknown;Pseudomonadota;uc_Pseudomonadota	-_cellular organisms;d_Bacteria;p_Pseudomonadota
k141_75031	2	superkingdom	Bacteria	6	6	4	0.670	uc_Bacteria;uc_Bacteria;uc_Bacteria	-_cellular organisms;d_Bacteria
k141_67875	1224	phylum	Pseudomonadota	3	3	2	0.670	unknown;Pseudomonadota;uc_Pseudomonadota	-_cellular organisms;d_Bacteria;p_Pseudomonadota
k141_90445	356	order	Hyphomicrobiales	12	10	7	0.700	unknown;Pseudomonadota;uc_Hyphomicrobiales	-_cellular organisms;d_Bacteria;p_Pseudomonadota;c_Alphaproteobacteria;o_Hyphomicrobiales
k141_21127	394	strain	Sinorhizobium fredii NGR234	5	5	3	0.740	unknown;Pseudomonadota;Rhizobiaceae	-_cellular organisms;d_Bacteria;p_Pseudomonadota;c_Alphaproteobacteria;o_Hyphomicrobiales;f_Rhizobiaceae;-_Sinorhizobium/Ensifer group;g_Sinorhizobium;-_Sinorhizobium fredii group;s_Sinorhizobium fredii;-_Sinorhizobium fredii NGR234
k141_112633	224911	strain	Bradyrhizobium diazoefficiens USDA 110	2	2	1	0.500	unknown;Pseudomonadota;Nitrobacteraceae	-_cellular organisms;d_Bacteria;p_Pseudomonadota;c_Alphaproteobacteria;o_Hyphomicrobiales;f_Nitrobacteraceae;g_Bradyrhizobium;s_Bradyrhizobium diazoefficiens;-_Bradyrhizobium diazoefficiens USDA 110
k141_109384	1224	phylum	Pseudomonadota	5	4	2	0.500	unknown;Pseudomonadota;uc_Pseudomonadota	-_cellular organisms;d_Bacteria;p_Pseudomonadota
k141_101338	356	order	Hyphomicrobiales	11	10	5	0.500	unknown;Pseudomonadota;uc_Hyphomicrobiales	-_cellular organisms;d_Bacteria;p_Pseudomonadota;c_Alphaproteobacteria;o_Hyphomicrobiales
k141_109399	1224	phylum	Pseudomonadota	7	5	4	0.800	unknown;Pseudomonadota;uc_Pseudomonadota	-_cellular organisms;d_Bacteria;p_Pseudomonadota
k141_57146	1224	phylum	Pseudomonadota	13	13	9	0.690	unknown;Pseudomonadota;uc_Pseudomonadota	-_cellular organisms;d_Bacteria;p_Pseudomonadota
k141_43686	2	superkingdom	Bacteria	18	17	14	0.820	uc_Bacteria;uc_Bacteria;uc_Bacteria	-_cellular organisms;d_Bacteria
k141_112775	1236	class	Gammaproteobacteria	2	2	2	1.000	unknown;Pseudomonadota;uc_Gammaproteobacteria	-_cellular organisms;d_Bacteria;p_Pseudomonadota;c_Gammaproteobacteria
k141_76427	1224	phylum	Pseudomonadota	12	11	8	0.730	unknown;Pseudomonadota;uc_Pseudomonadota	-_cellular organisms;d_Bacteria;p_Pseudomonadota
k141_14879	2	superkingdom	Bacteria	5	5	3	0.600	uc_Bacteria;uc_Bacteria;uc_Bacteria	-_cellular organisms;d_Bacteria
k141_37015	2	superkingdom	Bacteria	3	3	2	0.670	uc_Bacteria;uc_Bacteria;uc_Bacteria	-_cellular organisms;d_Bacteria
k141_62560	1224	phylum	Pseudomonadota	7	7	5	0.710	unknown;Pseudomonadota;uc_Pseudomonadota	-_cellular organisms;d_Bacteria;p_Pseudomonadota
k141_98837	543	family	Enterobacteriaceae	1	1	1	1.000	unknown;Pseudomonadota;Enterobacteriaceae	-_cellular organisms;d_Bacteria;p_Pseudomonadota;c_Gammaproteobacteria;o_Enterobacterales;f_Enterobacteriaceae
k141_44161	224911	strain	Bradyrhizobium diazoefficiens USDA 110	2	2	1	0.500	unknown;Pseudomonadota;Nitrobacteraceae	-_cellular organisms;d_Bacteria;p_Pseudomonadota;c_Alphaproteobacteria;o_Hyphomicrobiales;f_Nitrobacteraceae;g_Bradyrhizobium;s_Bradyrhizobium diazoefficiens;-_Bradyrhizobium diazoefficiens USDA 110
k141_37137	356	order	Hyphomicrobiales	14	13	7	0.540	unknown;Pseudomonadota;uc_Hyphomicrobiales	-_cellular organisms;d_Bacteria;p_Pseudomonadota;c_Alphaproteobacteria;o_Hyphomicrobiales
k141_58868	131567	no rank	cellular organisms	1	1	1	1.000	unknown;unknown;unknown	-_cellular organisms
k141_102698	356	order	Hyphomicrobiales	31	26	17	0.630	unknown;Pseudomonadota;uc_Hyphomicrobiales	-_cellular organisms;d_Bacteria;p_Pseudomonadota;c_Alphaproteobacteria;o_Hyphomicrobiales
k141_73495	28211	class	Alphaproteobacteria	15	15	10	0.620	unknown;Pseudomonadota;uc_Alphaproteobacteria	-_cellular organisms;d_Bacteria;p_Pseudomonadota;c_Alphaproteobacteria
k141_37212	28211	class	Alphaproteobacteria	5	5	4	0.800	unknown;Pseudomonadota;uc_Alphaproteobacteria	-_cellular organisms;d_Bacteria;p_Pseudomonadota;c_Alphaproteobacteria
k141_114025	356	order	Hyphomicrobiales	5	5	3	0.600	unknown;Pseudomonadota;uc_Hyphomicrobiales	-_cellular organisms;d_Bacteria;p_Pseudomonadota;c_Alphaproteobacteria;o_Hyphomicrobiales
k141_99225	1224	phylum	Pseudomonadota	12	11	10	0.910	unknown;Pseudomonadota;uc_Pseudomonadota	-_cellular organisms;d_Bacteria;p_Pseudomonadota
k141_103384	356	order	Hyphomicrobiales	16	15	11	0.730	unknown;Pseudomonadota;uc_Hyphomicrobiales	-_cellular organisms;d_Bacteria;p_Pseudomonadota;c_Alphaproteobacteria;o_Hyphomicrobiales
k141_41177	28211	class	Alphaproteobacteria	7	6	3	0.500	unknown;Pseudomonadota;uc_Alphaproteobacteria	-_cellular organisms;d_Bacteria;p_Pseudomonadota;c_Alphaproteobacteria
k141_30331	1224	phylum	Pseudomonadota	15	15	8	0.530	unknown;Pseudomonadota;uc_Pseudomonadota	-_cellular organisms;d_Bacteria;p_Pseudomonadota
k141_77738	91347	order	Enterobacterales	7	7	4	0.570	unknown;Pseudomonadota;uc_Enterobacterales	-_cellular organisms;d_Bacteria;p_Pseudomonadota;c_Gammaproteobacteria;o_Enterobacterales
k141_34168	28211	class	Alphaproteobacteria	12	11	6	0.550	unknown;Pseudomonadota;uc_Alphaproteobacteria	-_cellular organisms;d_Bacteria;p_Pseudomonadota;c_Alphaproteobacteria
k141_107198	266834	strain	Sinorhizobium meliloti 1021	5	5	3	0.600	unknown;Pseudomonadota;Rhizobiaceae	-_cellular organisms;d_Bacteria;p_Pseudomonadota;c_Alphaproteobacteria;o_Hyphomicrobiales;f_Rhizobiaceae;-_Sinorhizobium/Ensifer group;g_Sinorhizobium;s_Sinorhizobium meliloti;-_Sinorhizobium meliloti 1021
k141_38088	2	superkingdom	Bacteria	17	16	15	0.940	uc_Bacteria;uc_Bacteria;uc_Bacteria	-_cellular organisms;d_Bacteria
k141_81628	2759	superkingdom	Eukaryota	1	1	1	1.000	uc_Eukaryota;uc_Eukaryota;uc_Eukaryota	-_cellular organisms;d_Eukaryota
k141_57427	356	order	Hyphomicrobiales	17	16	8	0.500	unknown;Pseudomonadota;uc_Hyphomicrobiales	-_cellular organisms;d_Bacteria;p_Pseudomonadota;c_Alphaproteobacteria;o_Hyphomicrobiales
k141_21460	2	superkingdom	Bacteria	9	8	5	0.630	uc_Bacteria;uc_Bacteria;uc_Bacteria	-_cellular organisms;d_Bacteria
k141_101770	2	superkingdom	Bacteria	11	11	6	0.550	uc_Bacteria;uc_Bacteria;uc_Bacteria	-_cellular organisms;d_Bacteria
k141_47275	356	order	Hyphomicrobiales	4	3	2	0.670	unknown;Pseudomonadota;uc_Hyphomicrobiales	-_cellular organisms;d_Bacteria;p_Pseudomonadota;c_Alphaproteobacteria;o_Hyphomicrobiales
k141_101777	1224	phylum	Pseudomonadota	30	28	19	0.680	unknown;Pseudomonadota;uc_Pseudomonadota	-_cellular organisms;d_Bacteria;p_Pseudomonadota
k141_25029	1224	phylum	Pseudomonadota	1	1	1	1.000	unknown;Pseudomonadota;uc_Pseudomonadota	-_cellular organisms;d_Bacteria;p_Pseudomonadota
k141_25076	356	order	Hyphomicrobiales	37	36	21	0.620	unknown;Pseudomonadota;uc_Hyphomicrobiales	-_cellular organisms;d_Bacteria;p_Pseudomonadota;c_Alphaproteobacteria;o_Hyphomicrobiales
k141_50734	2	superkingdom	Bacteria	1	1	1	1.000	uc_Bacteria;uc_Bacteria;uc_Bacteria	-_cellular organisms;d_Bacteria
k141_57672	356	order	Hyphomicrobiales	17	16	12	0.750	unknown;Pseudomonadota;uc_Hyphomicrobiales	-_cellular organisms;d_Bacteria;p_Pseudomonadota;c_Alphaproteobacteria;o_Hyphomicrobiales
k141_25168	69277	family	Phyllobacteriaceae	6	6	3	0.590	unknown;Pseudomonadota;Phyllobacteriaceae	-_cellular organisms;d_Bacteria;p_Pseudomonadota;c_Alphaproteobacteria;o_Hyphomicrobiales;f_Phyllobacteriaceae
k141_1644	1224	phylum	Pseudomonadota	17	17	13	0.760	unknown;Pseudomonadota;uc_Pseudomonadota	-_cellular organisms;d_Bacteria;p_Pseudomonadota
k141_102033	28105	genus	Sinorhizobium	4	4	2	0.500	unknown;Pseudomonadota;Rhizobiaceae	-_cellular organisms;d_Bacteria;p_Pseudomonadota;c_Alphaproteobacteria;o_Hyphomicrobiales;f_Rhizobiaceae;-_Sinorhizobium/Ensifer group;g_Sinorhizobium
k141_57949	643561	strain	Acidovorax avenae subsp. avenae ATCC 19860	1	1	1	1.000	unknown;Pseudomonadota;Comamonadaceae	-_cellular organisms;d_Bacteria;p_Pseudomonadota;c_Betaproteobacteria;o_Burkholderiales;f_Comamonadaceae;g_Acidovorax;s_Acidovorax avenae;-_Acidovorax avenae subsp. avenae;-_Acidovorax avenae subsp. avenae ATCC 19860
k141_58065	0	no rank	unclassified	1	0	0	0.000		
k141_3051	1224	phylum	Pseudomonadota	8	8	6	0.750	unknown;Pseudomonadota;uc_Pseudomonadota	-_cellular organisms;d_Bacteria;p_Pseudomonadota
k141_60599	28211	class	Alphaproteobacteria	69	61	36	0.590	unknown;Pseudomonadota;uc_Alphaproteobacteria	-_cellular organisms;d_Bacteria;p_Pseudomonadota;c_Alphaproteobacteria
k141_85767	28211	class	Alphaproteobacteria	4	3	2	0.670	unknown;Pseudomonadota;uc_Alphaproteobacteria	-_cellular organisms;d_Bacteria;p_Pseudomonadota;c_Alphaproteobacteria
k141_23809	3880	species	Medicago truncatula	2	2	1	0.500	Viridiplantae;Streptophyta;Fabaceae	-_cellular organisms;d_Eukaryota;k_Viridiplantae;p_Streptophyta;-_Streptophytina;-_Embryophyta;-_Tracheophyta;-_Euphyllophyta;-_Spermatophyta;c_Magnoliopsida;-_Mesangiospermae;-_eudicotyledons;-_Gunneridae;-_Pentapetalae;-_rosids;-_fabids;o_Fabales;f_Fabaceae;-_Papilionoideae;-_50 kb inversion clade;-_NPAAA clade;-_Hologalegina;-_IRL clade;-_Trifolieae;g_Medicago;s_Medicago truncatula
k141_38735	2	superkingdom	Bacteria	19	19	15	0.790	uc_Bacteria;uc_Bacteria;uc_Bacteria	-_cellular organisms;d_Bacteria
k141_31381	28211	class	Alphaproteobacteria	4	4	3	0.530	unknown;Pseudomonadota;uc_Alphaproteobacteria	-_cellular organisms;d_Bacteria;p_Pseudomonadota;c_Alphaproteobacteria
k141_60751	1437010	clade	Boreoeutheria	1	1	1	1.000	Metazoa;Chordata;unknown	-_cellular organisms;d_Eukaryota;-_Opisthokonta;k_Metazoa;-_Eumetazoa;-_Bilateria;-_Deuterostomia;p_Chordata;-_Craniata;-_Vertebrata;-_Gnathostomata;-_Teleostomi;-_Euteleostomi;-_Sarcopterygii;-_Dipnotetrapodomorpha;-_Tetrapoda;-_Amniota;c_Mammalia;-_Theria;-_Eutheria;-_Boreoeutheria
k141_78851	83333	strain	Escherichia coli K-12	1	1	1	1.000	unknown;Pseudomonadota;Enterobacteriaceae	-_cellular organisms;d_Bacteria;p_Pseudomonadota;c_Gammaproteobacteria;o_Enterobacterales;f_Enterobacteriaceae;g_Escherichia;s_Escherichia coli;-_Escherichia coli K-12
k141_68039	190485	strain	Xanthomonas campestris pv. campestris str. ATCC 33913	1	1	1	1.000	unknown;Pseudomonadota;Xanthomonadaceae	-_cellular organisms;d_Bacteria;p_Pseudomonadota;c_Gammaproteobacteria;o_Xanthomonadales;f_Xanthomonadaceae;g_Xanthomonas;s_Xanthomonas campestris;-_Xanthomonas campestris pv. campestris;-_Xanthomonas campestris pv. campestris str. ATCC 33913
k141_111648	356	order	Hyphomicrobiales	20	19	10	0.530	unknown;Pseudomonadota;uc_Hyphomicrobiales	-_cellular organisms;d_Bacteria;p_Pseudomonadota;c_Alphaproteobacteria;o_Hyphomicrobiales
k141_31423	356	order	Hyphomicrobiales	20	17	9	0.560	unknown;Pseudomonadota;uc_Hyphomicrobiales	-_cellular organisms;d_Bacteria;p_Pseudomonadota;c_Alphaproteobacteria;o_Hyphomicrobiales
k141_103680	2	superkingdom	Bacteria	8	8	5	0.630	uc_Bacteria;uc_Bacteria;uc_Bacteria	-_cellular organisms;d_Bacteria
k141_52371	28211	class	Alphaproteobacteria	7	7	5	0.670	unknown;Pseudomonadota;uc_Alphaproteobacteria	-_cellular organisms;d_Bacteria;p_Pseudomonadota;c_Alphaproteobacteria
k141_78047	2	superkingdom	Bacteria	4	4	2	0.500	uc_Bacteria;uc_Bacteria;uc_Bacteria	-_cellular organisms;d_Bacteria
k141_22851	224911	strain	Bradyrhizobium diazoefficiens USDA 110	1	1	1	1.000	unknown;Pseudomonadota;Nitrobacteraceae	-_cellular organisms;d_Bacteria;p_Pseudomonadota;c_Alphaproteobacteria;o_Hyphomicrobiales;f_Nitrobacteraceae;g_Bradyrhizobium;s_Bradyrhizobium diazoefficiens;-_Bradyrhizobium diazoefficiens USDA 110
k141_99593	356	order	Hyphomicrobiales	7	7	7	1.000	unknown;Pseudomonadota;uc_Hyphomicrobiales	-_cellular organisms;d_Bacteria;p_Pseudomonadota;c_Alphaproteobacteria;o_Hyphomicrobiales
k141_92237	356	order	Hyphomicrobiales	8	6	4	0.670	unknown;Pseudomonadota;uc_Hyphomicrobiales	-_cellular organisms;d_Bacteria;p_Pseudomonadota;c_Alphaproteobacteria;o_Hyphomicrobiales
k141_92247	190650	strain	Caulobacter vibrioides CB15	2	2	1	0.500	unknown;Pseudomonadota;Caulobacteraceae	-_cellular organisms;d_Bacteria;p_Pseudomonadota;c_Alphaproteobacteria;o_Caulobacterales;f_Caulobacteraceae;g_Caulobacter;s_Caulobacter vibrioides;-_Caulobacter vibrioides CB15
k141_63713	356	order	Hyphomicrobiales	24	21	10	0.550	unknown;Pseudomonadota;uc_Hyphomicrobiales	-_cellular organisms;d_Bacteria;p_Pseudomonadota;c_Alphaproteobacteria;o_Hyphomicrobiales
k141_8793	1224	phylum	Pseudomonadota	10	10	6	0.600	unknown;Pseudomonadota;uc_Pseudomonadota	-_cellular organisms;d_Bacteria;p_Pseudomonadota
k141_30779	624	species	Shigella sonnei	1	1	1	1.000	unknown;Pseudomonadota;Enterobacteriaceae	-_cellular organisms;d_Bacteria;p_Pseudomonadota;c_Gammaproteobacteria;o_Enterobacterales;f_Enterobacteriaceae;g_Shigella;s_Shigella sonnei
k141_39217	31989	family	Paracoccaceae	4	4	2	0.500	unknown;Pseudomonadota;Paracoccaceae	-_cellular organisms;d_Bacteria;p_Pseudomonadota;c_Alphaproteobacteria;o_Rhodobacterales;f_Paracoccaceae
k141_65301	28211	class	Alphaproteobacteria	19	18	9	0.500	unknown;Pseudomonadota;uc_Alphaproteobacteria	-_cellular organisms;d_Bacteria;p_Pseudomonadota;c_Alphaproteobacteria
k141_49761	356	order	Hyphomicrobiales	16	14	7	0.500	unknown;Pseudomonadota;uc_Hyphomicrobiales	-_cellular organisms;d_Bacteria;p_Pseudomonadota;c_Alphaproteobacteria;o_Hyphomicrobiales
k141_32267	28211	class	Alphaproteobacteria	11	11	7	0.640	unknown;Pseudomonadota;uc_Alphaproteobacteria	-_cellular organisms;d_Bacteria;p_Pseudomonadota;c_Alphaproteobacteria
k141_20788	28211	class	Alphaproteobacteria	13	13	7	0.540	unknown;Pseudomonadota;uc_Alphaproteobacteria	-_cellular organisms;d_Bacteria;p_Pseudomonadota;c_Alphaproteobacteria
k141_79581	1224	phylum	Pseudomonadota	5	5	3	0.600	unknown;Pseudomonadota;uc_Pseudomonadota	-_cellular organisms;d_Bacteria;p_Pseudomonadota
k141_112379	1224	phylum	Pseudomonadota	10	8	4	0.560	unknown;Pseudomonadota;uc_Pseudomonadota	-_cellular organisms;d_Bacteria;p_Pseudomonadota
k141_20998	1224	phylum	Pseudomonadota	14	14	9	0.590	unknown;Pseudomonadota;uc_Pseudomonadota	-_cellular organisms;d_Bacteria;p_Pseudomonadota
k141_43590	28211	class	Alphaproteobacteria	13	12	6	0.500	unknown;Pseudomonadota;uc_Alphaproteobacteria	-_cellular organisms;d_Bacteria;p_Pseudomonadota;c_Alphaproteobacteria
k141_112542	1224	phylum	Pseudomonadota	25	24	19	0.790	unknown;Pseudomonadota;uc_Pseudomonadota	-_cellular organisms;d_Bacteria;p_Pseudomonadota
k141_49176	1224	phylum	Pseudomonadota	36	33	19	0.580	unknown;Pseudomonadota;uc_Pseudomonadota	-_cellular organisms;d_Bacteria;p_Pseudomonadota
k141_64797	28211	class	Alphaproteobacteria	11	11	9	0.800	unknown;Pseudomonadota;uc_Alphaproteobacteria	-_cellular organisms;d_Bacteria;p_Pseudomonadota;c_Alphaproteobacteria
k141_93251	356	order	Hyphomicrobiales	25	24	18	0.750	unknown;Pseudomonadota;uc_Hyphomicrobiales	-_cellular organisms;d_Bacteria;p_Pseudomonadota;c_Alphaproteobacteria;o_Hyphomicrobiales
k141_5958	1224	phylum	Pseudomonadota	27	26	15	0.580	unknown;Pseudomonadota;uc_Pseudomonadota	-_cellular organisms;d_Bacteria;p_Pseudomonadota
k141_23970	2	superkingdom	Bacteria	33	33	24	0.730	uc_Bacteria;uc_Bacteria;uc_Bacteria	-_cellular organisms;d_Bacteria
k141_31618	543	family	Enterobacteriaceae	4	4	3	0.750	unknown;Pseudomonadota;Enterobacteriaceae	-_cellular organisms;d_Bacteria;p_Pseudomonadota;c_Gammaproteobacteria;o_Enterobacterales;f_Enterobacteriaceae
k141_115432	1224	phylum	Pseudomonadota	12	12	7	0.580	unknown;Pseudomonadota;uc_Pseudomonadota	-_cellular organisms;d_Bacteria;p_Pseudomonadota
k141_104837	356	order	Hyphomicrobiales	19	18	10	0.560	unknown;Pseudomonadota;uc_Hyphomicrobiales	-_cellular organisms;d_Bacteria;p_Pseudomonadota;c_Alphaproteobacteria;o_Hyphomicrobiales
k141_13363	1224	phylum	Pseudomonadota	16	16	9	0.560	unknown;Pseudomonadota;uc_Pseudomonadota	-_cellular organisms;d_Bacteria;p_Pseudomonadota
k141_24117	131567	no rank	cellular organisms	1	1	1	1.000	unknown;unknown;unknown	-_cellular organisms
k141_51396	356	order	Hyphomicrobiales	29	27	16	0.610	unknown;Pseudomonadota;uc_Hyphomicrobiales	-_cellular organisms;d_Bacteria;p_Pseudomonadota;c_Alphaproteobacteria;o_Hyphomicrobiales
k141_29522	1224	phylum	Pseudomonadota	23	21	15	0.770	unknown;Pseudomonadota;uc_Pseudomonadota	-_cellular organisms;d_Bacteria;p_Pseudomonadota
k141_84141	286	genus	Pseudomonas	4	4	3	0.750	unknown;Pseudomonadota;Pseudomonadaceae	-_cellular organisms;d_Bacteria;p_Pseudomonadota;c_Gammaproteobacteria;o_Pseudomonadales;f_Pseudomonadaceae;g_Pseudomonas
k141_54851	28211	class	Alphaproteobacteria	11	11	10	0.910	unknown;Pseudomonadota;uc_Alphaproteobacteria	-_cellular organisms;d_Bacteria;p_Pseudomonadota;c_Alphaproteobacteria
k141_29561	356	order	Hyphomicrobiales	6	6	3	0.500	unknown;Pseudomonadota;uc_Hyphomicrobiales	-_cellular organisms;d_Bacteria;p_Pseudomonadota;c_Alphaproteobacteria;o_Hyphomicrobiales
k141_76967	28211	class	Alphaproteobacteria	7	6	3	0.500	unknown;Pseudomonadota;uc_Alphaproteobacteria	-_cellular organisms;d_Bacteria;p_Pseudomonadota;c_Alphaproteobacteria
k141_18526	356	order	Hyphomicrobiales	4	4	3	0.750	unknown;Pseudomonadota;uc_Hyphomicrobiales	-_cellular organisms;d_Bacteria;p_Pseudomonadota;c_Alphaproteobacteria;o_Hyphomicrobiales
k141_73270	28211	class	Alphaproteobacteria	14	13	8	0.590	unknown;Pseudomonadota;uc_Alphaproteobacteria	-_cellular organisms;d_Bacteria;p_Pseudomonadota;c_Alphaproteobacteria
k141_22192	131567	no rank	cellular organisms	2	2	2	1.000	unknown;unknown;unknown	-_cellular organisms
k141_95168	69006	species	Corynebacterium sp. P-1	2	2	1	0.500	unknown;Actinomycetota;Corynebacteriaceae	-_cellular organisms;d_Bacteria;-_Terrabacteria group;p_Actinomycetota;c_Actinomycetes;o_Corynebacteriales;f_Corynebacteriaceae;g_Corynebacterium;-_unclassified Corynebacterium;s_Corynebacterium sp. P-1
