k141_187094	131567	no rank	cellular organisms	1	1	1	1.000	unknown;unknown;unknown	-_cellular organisms
k141_916909	316274	strain	Herpetosiphon aurantiacus DSM 785	2	2	1	0.500	unknown;Chloroflexota;Herpetosiphonaceae	-_cellular organisms;d_Bacteria;-_Terrabacteria group;p_Chloroflexota;c_Chloroflexia;o_Herpetosiphonales;f_Herpetosiphonaceae;g_Herpetosiphon;s_Herpetosiphon aurantiacus;-_Herpetosiphon aurantiacus DSM 785
k141_126589	176299	strain	Agrobacterium fabrum str. C58	2	2	1	0.930	unknown;Pseudomonadota;Rhizobiaceae	-_cellular organisms;d_Bacteria;p_Pseudomonadota;c_Alphaproteobacteria;o_Hyphomicrobiales;f_Rhizobiaceae;-_Rhizobium/Agrobacterium group;g_Agrobacterium;-_Agrobacterium tumefaciens complex;s_Agrobacterium fabrum;-_Agrobacterium fabrum str. C58
k141_461145	2	superkingdom	Bacteria	1	1	1	1.000	uc_Bacteria;uc_Bacteria;uc_Bacteria	-_cellular organisms;d_Bacteria
k141_65848	243232	strain	Methanocaldococcus jannaschii DSM 2661	1	1	1	1.000	unknown;Euryarchaeota;Methanocaldococcaceae	-_cellular organisms;d_Archaea;p_Euryarchaeota;-_Methanomada group;c_Methanococci;o_Methanococcales;f_Methanocaldococcaceae;g_Methanocaldococcus;s_Methanocaldococcus jannaschii;-_Methanocaldococcus jannaschii DSM 2661
k141_370379	2	superkingdom	Bacteria	1	1	1	1.000	uc_Bacteria;uc_Bacteria;uc_Bacteria	-_cellular organisms;d_Bacteria
k141_491526	243265	strain	Photorhabdus laumondii subsp. laumondii TTO1	2	2	1	0.500	unknown;Pseudomonadota;Morganellaceae	-_cellular organisms;d_Bacteria;p_Pseudomonadota;c_Gammaproteobacteria;o_Enterobacterales;f_Morganellaceae;g_Photorhabdus;s_Photorhabdus laumondii;-_Photorhabdus laumondii subsp. laumondii;-_Photorhabdus laumondii subsp. laumondii TTO1
k141_734941	2	superkingdom	Bacteria	3	3	3	1.000	uc_Bacteria;uc_Bacteria;uc_Bacteria	-_cellular organisms;d_Bacteria
k141_552511	131567	no rank	cellular organisms	1	1	1	1.000	unknown;unknown;unknown	-_cellular organisms
k141_795874	1298	genus	Deinococcus	2	2	1	0.500	unknown;Deinococcota;Deinococcaceae	-_cellular organisms;d_Bacteria;-_Terrabacteria group;p_Deinococcota;c_Deinococci;o_Deinococcales;f_Deinococcaceae;g_Deinococcus
k141_596550	2	superkingdom	Bacteria	2	2	1	0.500	uc_Bacteria;uc_Bacteria;uc_Bacteria	-_cellular organisms;d_Bacteria
k141_384738	224308	strain	Bacillus subtilis subsp. subtilis str. 168	1	1	1	1.000	unknown;Bacillota;Bacillaceae	-_cellular organisms;d_Bacteria;-_Terrabacteria group;p_Bacillota;c_Bacilli;o_Bacillales;f_Bacillaceae;g_Bacillus;-_Bacillus subtilis group;s_Bacillus subtilis;-_Bacillus subtilis subsp. subtilis;-_Bacillus subtilis subsp. subtilis str. 168
k141_384922	131567	no rank	cellular organisms	1	1	1	1.000	unknown;unknown;unknown	-_cellular organisms
k141_718321	1783272	clade	Terrabacteria group	1	1	1	1.000	unknown;unknown;unknown	-_cellular organisms;d_Bacteria;-_Terrabacteria group
k141_80263	0	no rank	unclassified	1	0	0	0.000		
k141_962297	131567	no rank	cellular organisms	1	1	1	1.000	unknown;unknown;unknown	-_cellular organisms
k141_931459	131567	no rank	cellular organisms	2	1	1	1.000	unknown;unknown;unknown	-_cellular organisms
k141_505888	2	superkingdom	Bacteria	1	1	1	1.000	uc_Bacteria;uc_Bacteria;uc_Bacteria	-_cellular organisms;d_Bacteria
k141_202205	546	species	Citrobacter freundii	1	1	1	1.000	unknown;Pseudomonadota;Enterobacteriaceae	-_cellular organisms;d_Bacteria;p_Pseudomonadota;c_Gammaproteobacteria;o_Enterobacterales;f_Enterobacteriaceae;g_Citrobacter;-_Citrobacter freundii complex;s_Citrobacter freundii
k141_749538	131567	no rank	cellular organisms	3	3	3	1.000	unknown;unknown;unknown	-_cellular organisms
k141_873390	186817	family	Bacillaceae	1	1	1	1.000	unknown;Bacillota;Bacillaceae	-_cellular organisms;d_Bacteria;-_Terrabacteria group;p_Bacillota;c_Bacilli;o_Bacillales;f_Bacillaceae
k141_447660	243274	strain	Thermotoga maritima MSB8	1	1	1	1.000	unknown;Thermotogota;Thermotogaceae	-_cellular organisms;d_Bacteria;p_Thermotogota;c_Thermotogae;o_Thermotogales;f_Thermotogaceae;g_Thermotoga;s_Thermotoga maritima;-_Thermotoga maritima MSB8
k141_721758	2	superkingdom	Bacteria	1	1	1	1.000	uc_Bacteria;uc_Bacteria;uc_Bacteria	-_cellular organisms;d_Bacteria
k141_660967	131567	no rank	cellular organisms	1	1	1	1.000	unknown;unknown;unknown	-_cellular organisms
k141_479260	243232	strain	Methanocaldococcus jannaschii DSM 2661	1	1	1	1.000	unknown;Euryarchaeota;Methanocaldococcaceae	-_cellular organisms;d_Archaea;p_Euryarchaeota;-_Methanomada group;c_Methanococci;o_Methanococcales;f_Methanocaldococcaceae;g_Methanocaldococcus;s_Methanocaldococcus jannaschii;-_Methanocaldococcus jannaschii DSM 2661
k141_873878	926569	strain	Anaerolinea thermophila UNI-1	2	2	1	0.500	unknown;Chloroflexota;Anaerolineaceae	-_cellular organisms;d_Bacteria;-_Terrabacteria group;p_Chloroflexota;c_Anaerolineae;o_Anaerolineales;f_Anaerolineaceae;g_Anaerolinea;s_Anaerolinea thermophila;-_Anaerolinea thermophila UNI-1
k141_22643	243230	strain	Deinococcus radiodurans R1	2	2	1	0.500	unknown;Deinococcota;Deinococcaceae	-_cellular organisms;d_Bacteria;-_Terrabacteria group;p_Deinococcota;c_Deinococci;o_Deinococcales;f_Deinococcaceae;g_Deinococcus;s_Deinococcus radiodurans;-_Deinococcus radiodurans R1
k141_236405	59405	species	Thauera aromatica	2	2	1	0.500	unknown;Pseudomonadota;Zoogloeaceae	-_cellular organisms;d_Bacteria;p_Pseudomonadota;c_Betaproteobacteria;o_Rhodocyclales;f_Zoogloeaceae;g_Thauera;s_Thauera aromatica
k141_479560	224324	strain	Aquifex aeolicus VF5	2	2	1	0.500	unknown;Aquificae;Aquificaceae	-_cellular organisms;d_Bacteria;p_Aquificae;c_Aquificae;o_Aquificales;f_Aquificaceae;g_Aquifex;s_Aquifex aeolicus;-_Aquifex aeolicus VF5
k141_783568	1385	order	Bacillales	2	2	1	0.500	unknown;Bacillota;uc_Bacillales	-_cellular organisms;d_Bacteria;-_Terrabacteria group;p_Bacillota;c_Bacilli;o_Bacillales
k141_152555	2157	superkingdom	Archaea	2	2	1	0.500	uc_Archaea;uc_Archaea;uc_Archaea	-_cellular organisms;d_Archaea
k141_942885	1773	species	Mycobacterium tuberculosis	1	1	1	1.000	unknown;Actinomycetota;Mycobacteriaceae	-_cellular organisms;d_Bacteria;-_Terrabacteria group;p_Actinomycetota;c_Actinomycetes;o_Corynebacteriales;f_Mycobacteriaceae;g_Mycobacterium;-_Mycobacterium tuberculosis complex;s_Mycobacterium tuberculosis
k141_183011	0	no rank	unclassified	1	0	0	0.000		
k141_848	131567	no rank	cellular organisms	1	1	1	1.000	unknown;unknown;unknown	-_cellular organisms
k141_548006	1111708	no rank	Synechocystis sp. PCC 6803 substr. Kazusa	1	1	1	1.000	unknown;Cyanobacteriota;Merismopediaceae	-_cellular organisms;d_Bacteria;-_Terrabacteria group;-_Cyanobacteriota/Melainabacteria group;p_Cyanobacteriota;c_Cyanophyceae;o_Synechococcales;f_Merismopediaceae;g_Synechocystis;-_unclassified Synechocystis;s_Synechocystis sp. PCC 6803;-_Synechocystis sp. PCC 6803 substr. Kazusa
k141_912964	243231	strain	Geobacter sulfurreducens PCA	2	2	1	0.500	unknown;Pseudomonadota;Geobacteraceae	-_cellular organisms;d_Bacteria;p_Pseudomonadota;-_delta/epsilon subdivisions;c_Deltaproteobacteria;o_Desulfuromonadales;f_Geobacteraceae;g_Geobacter;s_Geobacter sulfurreducens;-_Geobacter sulfurreducens PCA
k141_548295	1422	species	Geobacillus stearothermophilus	2	2	1	0.500	unknown;Bacillota;Bacillaceae	-_cellular organisms;d_Bacteria;-_Terrabacteria group;p_Bacillota;c_Bacilli;o_Bacillales;f_Bacillaceae;g_Geobacillus;s_Geobacillus stearothermophilus
k141_183636	1107	genus	Chloroflexus	1	1	1	1.000	unknown;Chloroflexota;Chloroflexaceae	-_cellular organisms;d_Bacteria;-_Terrabacteria group;p_Chloroflexota;c_Chloroflexia;o_Chloroflexales;-_Chloroflexineae;f_Chloroflexaceae;g_Chloroflexus
k141_62154	1107	genus	Chloroflexus	2	2	1	0.500	unknown;Chloroflexota;Chloroflexaceae	-_cellular organisms;d_Bacteria;-_Terrabacteria group;p_Chloroflexota;c_Chloroflexia;o_Chloroflexales;-_Chloroflexineae;f_Chloroflexaceae;g_Chloroflexus
k141_335923	100226	strain	Streptomyces coelicolor A3(2)	2	2	1	0.500	unknown;Actinomycetota;Streptomycetaceae	-_cellular organisms;d_Bacteria;-_Terrabacteria group;p_Actinomycetota;c_Actinomycetes;o_Streptomycetales;f_Streptomycetaceae;g_Streptomyces;-_Streptomyces albidoflavus group;s_Streptomyces coelicolor;-_Streptomyces coelicolor A3(2)
k141_238455	33154	clade	Opisthokonta	1	1	1	1.000	unknown;unknown;unknown	-_cellular organisms;d_Eukaryota;-_Opisthokonta
k141_542025	1783272	clade	Terrabacteria group	1	1	1	1.000	unknown;unknown;unknown	-_cellular organisms;d_Bacteria;-_Terrabacteria group
k141_846234	2	superkingdom	Bacteria	1	1	1	1.000	uc_Bacteria;uc_Bacteria;uc_Bacteria	-_cellular organisms;d_Bacteria
k141_876158	2759	superkingdom	Eukaryota	2	1	1	1.000	uc_Eukaryota;uc_Eukaryota;uc_Eukaryota	-_cellular organisms;d_Eukaryota
k141_481830	131567	no rank	cellular organisms	1	1	1	1.000	unknown;unknown;unknown	-_cellular organisms
k141_785772	224308	strain	Bacillus subtilis subsp. subtilis str. 168	2	1	1	1.000	unknown;Bacillota;Bacillaceae	-_cellular organisms;d_Bacteria;-_Terrabacteria group;p_Bacillota;c_Bacilli;o_Bacillales;f_Bacillaceae;g_Bacillus;-_Bacillus subtilis group;s_Bacillus subtilis;-_Bacillus subtilis subsp. subtilis;-_Bacillus subtilis subsp. subtilis str. 168
k141_694478	2260	genus	Pyrococcus	3	3	2	0.960	unknown;Euryarchaeota;Thermococcaceae	-_cellular organisms;d_Archaea;p_Euryarchaeota;c_Thermococci;o_Thermococcales;f_Thermococcaceae;g_Pyrococcus
k141_846604	131567	no rank	cellular organisms	3	3	3	1.000	unknown;unknown;unknown	-_cellular organisms
k141_755243	2	superkingdom	Bacteria	3	3	2	0.670	uc_Bacteria;uc_Bacteria;uc_Bacteria	-_cellular organisms;d_Bacteria
k141_633467	1111708	no rank	Synechocystis sp. PCC 6803 substr. Kazusa	1	1	1	1.000	unknown;Cyanobacteriota;Merismopediaceae	-_cellular organisms;d_Bacteria;-_Terrabacteria group;-_Cyanobacteriota/Melainabacteria group;p_Cyanobacteriota;c_Cyanophyceae;o_Synechococcales;f_Merismopediaceae;g_Synechocystis;-_unclassified Synechocystis;s_Synechocystis sp. PCC 6803;-_Synechocystis sp. PCC 6803 substr. Kazusa
k141_971246	2	superkingdom	Bacteria	3	3	2	0.520	uc_Bacteria;uc_Bacteria;uc_Bacteria	-_cellular organisms;d_Bacteria
k141_850108	2	superkingdom	Bacteria	2	2	1	0.500	uc_Bacteria;uc_Bacteria;uc_Bacteria	-_cellular organisms;d_Bacteria
k141_605887	131567	no rank	cellular organisms	1	1	1	1.000	unknown;unknown;unknown	-_cellular organisms
k141_454419	1783272	clade	Terrabacteria group	2	1	1	1.000	unknown;unknown;unknown	-_cellular organisms;d_Bacteria;-_Terrabacteria group
k141_59119	1236	class	Gammaproteobacteria	1	1	1	1.000	unknown;Pseudomonadota;uc_Gammaproteobacteria	-_cellular organisms;d_Bacteria;p_Pseudomonadota;c_Gammaproteobacteria
k141_728257	2	superkingdom	Bacteria	1	1	1	1.000	uc_Bacteria;uc_Bacteria;uc_Bacteria	-_cellular organisms;d_Bacteria
k141_151123	91061	class	Bacilli	1	1	1	1.000	unknown;Bacillota;uc_Bacilli	-_cellular organisms;d_Bacteria;-_Terrabacteria group;p_Bacillota;c_Bacilli
k141_363607	1239	phylum	Bacillota	1	1	1	1.000	unknown;Bacillota;uc_Bacillota	-_cellular organisms;d_Bacteria;-_Terrabacteria group;p_Bacillota
k141_880466	131567	no rank	cellular organisms	1	1	1	1.000	unknown;unknown;unknown	-_cellular organisms
k141_59644	187420	strain	Methanothermobacter thermautotrophicus str. Delta H	1	1	1	1.000	unknown;Euryarchaeota;Methanobacteriaceae	-_cellular organisms;d_Archaea;p_Euryarchaeota;-_Methanomada group;c_Methanobacteria;o_Methanobacteriales;f_Methanobacteriaceae;g_Methanothermobacter;s_Methanothermobacter thermautotrophicus;-_Methanothermobacter thermautotrophicus str. Delta H
k141_765388	28890	phylum	Euryarchaeota	1	1	1	1.000	unknown;Euryarchaeota;uc_Euryarchaeota	-_cellular organisms;d_Archaea;p_Euryarchaeota
k141_917736	1773	species	Mycobacterium tuberculosis	2	2	1	0.500	unknown;Actinomycetota;Mycobacteriaceae	-_cellular organisms;d_Bacteria;-_Terrabacteria group;p_Actinomycetota;c_Actinomycetes;o_Corynebacteriales;f_Mycobacteriaceae;g_Mycobacterium;-_Mycobacterium tuberculosis complex;s_Mycobacterium tuberculosis
k141_644384	1385	order	Bacillales	1	1	1	1.000	unknown;Bacillota;uc_Bacillales	-_cellular organisms;d_Bacteria;-_Terrabacteria group;p_Bacillota;c_Bacilli;o_Bacillales
k141_857095	1224	phylum	Pseudomonadota	2	2	1	0.500	unknown;Pseudomonadota;uc_Pseudomonadota	-_cellular organisms;d_Bacteria;p_Pseudomonadota
k141_158217	131567	no rank	cellular organisms	1	1	1	1.000	unknown;unknown;unknown	-_cellular organisms
k141_188318	479437	strain	Eggerthella lenta DSM 2243	1	1	1	1.000	unknown;Actinomycetota;Eggerthellaceae	-_cellular organisms;d_Bacteria;-_Terrabacteria group;p_Actinomycetota;c_Coriobacteriia;o_Eggerthellales;f_Eggerthellaceae;g_Eggerthella;s_Eggerthella lenta;-_Eggerthella lenta DSM 2243
k141_917953	224308	strain	Bacillus subtilis subsp. subtilis str. 168	2	2	1	0.500	unknown;Bacillota;Bacillaceae	-_cellular organisms;d_Bacteria;-_Terrabacteria group;p_Bacillota;c_Bacilli;o_Bacillales;f_Bacillaceae;g_Bacillus;-_Bacillus subtilis group;s_Bacillus subtilis;-_Bacillus subtilis subsp. subtilis;-_Bacillus subtilis subsp. subtilis str. 168
k141_492350	1385	order	Bacillales	1	1	1	1.000	unknown;Bacillota;uc_Bacillales	-_cellular organisms;d_Bacteria;-_Terrabacteria group;p_Bacillota;c_Bacilli;o_Bacillales
k141_340528	131567	no rank	cellular organisms	1	1	1	1.000	unknown;unknown;unknown	-_cellular organisms
k141_857407	1385	order	Bacillales	2	1	1	1.000	unknown;Bacillota;uc_Bacillales	-_cellular organisms;d_Bacteria;-_Terrabacteria group;p_Bacillota;c_Bacilli;o_Bacillales
k141_279547	1783272	clade	Terrabacteria group	3	3	2	0.670	unknown;unknown;unknown	-_cellular organisms;d_Bacteria;-_Terrabacteria group
k141_431661	33964	species	Leuconostoc citreum	1	1	1	1.000	unknown;Bacillota;Lactobacillaceae	-_cellular organisms;d_Bacteria;-_Terrabacteria group;p_Bacillota;c_Bacilli;o_Lactobacillales;f_Lactobacillaceae;g_Leuconostoc;s_Leuconostoc citreum
k141_644743	70601	strain	Pyrococcus horikoshii OT3	2	1	1	1.000	unknown;Euryarchaeota;Thermococcaceae	-_cellular organisms;d_Archaea;p_Euryarchaeota;c_Thermococci;o_Thermococcales;f_Thermococcaceae;g_Pyrococcus;s_Pyrococcus horikoshii;-_Pyrococcus horikoshii OT3
k141_353037	2	superkingdom	Bacteria	1	1	1	1.000	uc_Bacteria;uc_Bacteria;uc_Bacteria	-_cellular organisms;d_Bacteria
k141_748103	1528	species	Eubacterium barkeri	1	1	1	1.000	unknown;Bacillota;Eubacteriaceae	-_cellular organisms;d_Bacteria;-_Terrabacteria group;p_Bacillota;c_Clostridia;o_Eubacteriales;f_Eubacteriaceae;g_Eubacterium;s_Eubacterium barkeri
k141_475061	1783272	clade	Terrabacteria group	1	1	1	1.000	unknown;unknown;unknown	-_cellular organisms;d_Bacteria;-_Terrabacteria group
k141_717670	83332	strain	Mycobacterium tuberculosis H37Rv	2	2	1	0.500	unknown;Actinomycetota;Mycobacteriaceae	-_cellular organisms;d_Bacteria;-_Terrabacteria group;p_Actinomycetota;c_Actinomycetes;o_Corynebacteriales;f_Mycobacteriaceae;g_Mycobacterium;-_Mycobacterium tuberculosis complex;s_Mycobacterium tuberculosis;-_Mycobacterium tuberculosis H37Rv
k141_79342	1783272	clade	Terrabacteria group	1	1	1	1.000	unknown;unknown;unknown	-_cellular organisms;d_Bacteria;-_Terrabacteria group
k141_535948	186817	family	Bacillaceae	2	1	1	1.000	unknown;Bacillota;Bacillaceae	-_cellular organisms;d_Bacteria;-_Terrabacteria group;p_Bacillota;c_Bacilli;o_Bacillales;f_Bacillaceae
k141_414307	131567	no rank	cellular organisms	1	1	1	1.000	unknown;unknown;unknown	-_cellular organisms
k141_195361	1224	phylum	Pseudomonadota	2	2	1	0.500	unknown;Pseudomonadota;uc_Pseudomonadota	-_cellular organisms;d_Bacteria;p_Pseudomonadota
k141_682121	1437183	clade	Mesangiospermae	2	2	1	0.500	Viridiplantae;Streptophyta;unknown	-_cellular organisms;d_Eukaryota;k_Viridiplantae;p_Streptophyta;-_Streptophytina;-_Embryophyta;-_Tracheophyta;-_Euphyllophyta;-_Spermatophyta;c_Magnoliopsida;-_Mesangiospermae
k141_256243	91061	class	Bacilli	2	2	1	0.500	unknown;Bacillota;uc_Bacilli	-_cellular organisms;d_Bacteria;-_Terrabacteria group;p_Bacillota;c_Bacilli
k141_864321	0	no rank	unclassified	1	0	0	0.000		
k141_317435	1760	class	Actinomycetes	1	1	1	1.000	unknown;Actinomycetota;uc_Actinomycetes	-_cellular organisms;d_Bacteria;-_Terrabacteria group;p_Actinomycetota;c_Actinomycetes
k141_378522	2	superkingdom	Bacteria	2	2	1	0.940	uc_Bacteria;uc_Bacteria;uc_Bacteria	-_cellular organisms;d_Bacteria
k141_864510	562	species	Escherichia coli	1	1	1	1.000	unknown;Pseudomonadota;Enterobacteriaceae	-_cellular organisms;d_Bacteria;p_Pseudomonadota;c_Gammaproteobacteria;o_Enterobacterales;f_Enterobacteriaceae;g_Escherichia;s_Escherichia coli
k141_43431	2	superkingdom	Bacteria	2	2	1	0.500	uc_Bacteria;uc_Bacteria;uc_Bacteria	-_cellular organisms;d_Bacteria
k141_469573	1239	phylum	Bacillota	1	1	1	1.000	unknown;Bacillota;uc_Bacillota	-_cellular organisms;d_Bacteria;-_Terrabacteria group;p_Bacillota
k141_895204	315750	strain	Bacillus pumilus SAFR-032	2	2	1	0.930	unknown;Bacillota;Bacillaceae	-_cellular organisms;d_Bacteria;-_Terrabacteria group;p_Bacillota;c_Bacilli;o_Bacillales;f_Bacillaceae;g_Bacillus;s_Bacillus pumilus;-_Bacillus pumilus SAFR-032
k141_468336	145262	species	Methanothermobacter thermautotrophicus	1	1	1	1.000	unknown;Euryarchaeota;Methanobacteriaceae	-_cellular organisms;d_Archaea;p_Euryarchaeota;-_Methanomada group;c_Methanobacteria;o_Methanobacteriales;f_Methanobacteriaceae;g_Methanothermobacter;s_Methanothermobacter thermautotrophicus
k141_42346	309801	strain	Thermomicrobium roseum DSM 5159	2	1	1	1.000	unknown;Thermomicrobiota;Thermomicrobiaceae	-_cellular organisms;d_Bacteria;-_Terrabacteria group;p_Thermomicrobiota;c_Thermomicrobia;o_Thermomicrobiales;f_Thermomicrobiaceae;g_Thermomicrobium;s_Thermomicrobium roseum;-_Thermomicrobium roseum DSM 5159
k141_955058	1528	species	Eubacterium barkeri	1	1	1	1.000	unknown;Bacillota;Eubacteriaceae	-_cellular organisms;d_Bacteria;-_Terrabacteria group;p_Bacillota;c_Clostridia;o_Eubacteriales;f_Eubacteriaceae;g_Eubacterium;s_Eubacterium barkeri
k141_590024	2	superkingdom	Bacteria	3	3	2	0.670	uc_Bacteria;uc_Bacteria;uc_Bacteria	-_cellular organisms;d_Bacteria
k141_924682	131567	no rank	cellular organisms	2	2	2	1.000	unknown;unknown;unknown	-_cellular organisms
k141_347384	485	species	Neisseria gonorrhoeae	1	1	1	1.000	unknown;Pseudomonadota;Neisseriaceae	-_cellular organisms;d_Bacteria;p_Pseudomonadota;c_Betaproteobacteria;o_Neisseriales;f_Neisseriaceae;g_Neisseria;s_Neisseria gonorrhoeae
k141_286246	1239	phylum	Bacillota	1	1	1	1.000	unknown;Bacillota;uc_Bacillota	-_cellular organisms;d_Bacteria;-_Terrabacteria group;p_Bacillota
k141_559912	91061	class	Bacilli	1	1	1	1.000	unknown;Bacillota;uc_Bacilli	-_cellular organisms;d_Bacteria;-_Terrabacteria group;p_Bacillota;c_Bacilli
k141_559931	131567	no rank	cellular organisms	1	1	1	1.000	unknown;unknown;unknown	-_cellular organisms
k141_165116	2	superkingdom	Bacteria	9	9	9	1.000	uc_Bacteria;uc_Bacteria;uc_Bacteria	-_cellular organisms;d_Bacteria
k141_864788	55212	species	Erwinia rhapontici	1	1	1	1.000	unknown;Pseudomonadota;Erwiniaceae	-_cellular organisms;d_Bacteria;p_Pseudomonadota;c_Gammaproteobacteria;o_Enterobacterales;f_Erwiniaceae;g_Erwinia;s_Erwinia rhapontici
k141_712494	131567	no rank	cellular organisms	1	1	1	1.000	unknown;unknown;unknown	-_cellular organisms
k141_469837	1224	phylum	Pseudomonadota	1	1	1	1.000	unknown;Pseudomonadota;uc_Pseudomonadota	-_cellular organisms;d_Bacteria;p_Pseudomonadota
k141_105063	1224	phylum	Pseudomonadota	1	1	1	1.000	unknown;Pseudomonadota;uc_Pseudomonadota	-_cellular organisms;d_Bacteria;p_Pseudomonadota
k141_683243	224308	strain	Bacillus subtilis subsp. subtilis str. 168	1	1	1	1.000	unknown;Bacillota;Bacillaceae	-_cellular organisms;d_Bacteria;-_Terrabacteria group;p_Bacillota;c_Bacilli;o_Bacillales;f_Bacillaceae;g_Bacillus;-_Bacillus subtilis group;s_Bacillus subtilis;-_Bacillus subtilis subsp. subtilis;-_Bacillus subtilis subsp. subtilis str. 168
k141_44238	1764	species	Mycobacterium avium	2	2	1	0.500	unknown;Actinomycetota;Mycobacteriaceae	-_cellular organisms;d_Bacteria;-_Terrabacteria group;p_Actinomycetota;c_Actinomycetes;o_Corynebacteriales;f_Mycobacteriaceae;g_Mycobacterium;-_Mycobacterium avium complex (MAC);s_Mycobacterium avium
k141_44395	2	superkingdom	Bacteria	2	2	2	1.000	uc_Bacteria;uc_Bacteria;uc_Bacteria	-_cellular organisms;d_Bacteria
k141_14111	224308	strain	Bacillus subtilis subsp. subtilis str. 168	1	1	1	1.000	unknown;Bacillota;Bacillaceae	-_cellular organisms;d_Bacteria;-_Terrabacteria group;p_Bacillota;c_Bacilli;o_Bacillales;f_Bacillaceae;g_Bacillus;-_Bacillus subtilis group;s_Bacillus subtilis;-_Bacillus subtilis subsp. subtilis;-_Bacillus subtilis subsp. subtilis str. 168
k141_865421	1111708	no rank	Synechocystis sp. PCC 6803 substr. Kazusa	2	2	1	0.500	unknown;Cyanobacteriota;Merismopediaceae	-_cellular organisms;d_Bacteria;-_Terrabacteria group;-_Cyanobacteriota/Melainabacteria group;p_Cyanobacteriota;c_Cyanophyceae;o_Synechococcales;f_Merismopediaceae;g_Synechocystis;-_unclassified Synechocystis;s_Synechocystis sp. PCC 6803;-_Synechocystis sp. PCC 6803 substr. Kazusa
k141_896036	131567	no rank	cellular organisms	1	1	1	1.000	unknown;unknown;unknown	-_cellular organisms
k141_135790	672127	species	Thraustochytrium sp. ATCC 26185	1	1	1	1.000	unknown;unknown;Thraustochytriaceae	-_cellular organisms;d_Eukaryota;-_Sar;-_Stramenopiles;c_Bigyra;-_Labyrinthulomycetes;o_Thraustochytrida;f_Thraustochytriaceae;g_Thraustochytrium;-_unclassified Thraustochytrium;s_Thraustochytrium sp. ATCC 26185
k141_348986	1236	class	Gammaproteobacteria	1	1	1	1.000	unknown;Pseudomonadota;uc_Gammaproteobacteria	-_cellular organisms;d_Bacteria;p_Pseudomonadota;c_Gammaproteobacteria
k141_653476	2283794	clade	Methanomada group	2	2	1	0.500	unknown;Euryarchaeota;unknown	-_cellular organisms;d_Archaea;p_Euryarchaeota;-_Methanomada group
k141_136388	565042	strain	Bifidobacterium longum subsp. longum JCM 1217	1	1	1	1.000	unknown;Actinomycetota;Bifidobacteriaceae	-_cellular organisms;d_Bacteria;-_Terrabacteria group;p_Actinomycetota;c_Actinomycetes;o_Bifidobacteriales;f_Bifidobacteriaceae;g_Bifidobacterium;s_Bifidobacterium longum;-_Bifidobacterium longum subsp. longum;-_Bifidobacterium longum subsp. longum JCM 1217
k141_775283	145260	genus	Methanothermobacter	2	2	1	0.500	unknown;Euryarchaeota;Methanobacteriaceae	-_cellular organisms;d_Archaea;p_Euryarchaeota;-_Methanomada group;c_Methanobacteria;o_Methanobacteriales;f_Methanobacteriaceae;g_Methanothermobacter
k141_197653	523841	strain	Haloferax mediterranei ATCC 33500	1	1	1	1.000	unknown;Euryarchaeota;Haloferacaceae	-_cellular organisms;d_Archaea;p_Euryarchaeota;-_Stenosarchaea group;c_Halobacteria;o_Haloferacales;f_Haloferacaceae;g_Haloferax;s_Haloferax mediterranei;-_Haloferax mediterranei ATCC 33500
k141_501437	224308	strain	Bacillus subtilis subsp. subtilis str. 168	1	1	1	1.000	unknown;Bacillota;Bacillaceae	-_cellular organisms;d_Bacteria;-_Terrabacteria group;p_Bacillota;c_Bacilli;o_Bacillales;f_Bacillaceae;g_Bacillus;-_Bacillus subtilis group;s_Bacillus subtilis;-_Bacillus subtilis subsp. subtilis;-_Bacillus subtilis subsp. subtilis str. 168
k141_258620	2	superkingdom	Bacteria	3	3	3	1.000	uc_Bacteria;uc_Bacteria;uc_Bacteria	-_cellular organisms;d_Bacteria
k141_380836	1783272	clade	Terrabacteria group	2	1	1	1.000	unknown;unknown;unknown	-_cellular organisms;d_Bacteria;-_Terrabacteria group
k141_381081	186801	class	Clostridia	2	2	1	0.500	unknown;Bacillota;uc_Clostridia	-_cellular organisms;d_Bacteria;-_Terrabacteria group;p_Bacillota;c_Clostridia
k141_806039	91061	class	Bacilli	1	1	1	1.000	unknown;Bacillota;uc_Bacilli	-_cellular organisms;d_Bacteria;-_Terrabacteria group;p_Bacillota;c_Bacilli
k141_168100	267377	strain	Methanococcus maripaludis S2	1	1	1	1.000	unknown;Euryarchaeota;Methanococcaceae	-_cellular organisms;d_Archaea;p_Euryarchaeota;-_Methanomada group;c_Methanococci;o_Methanococcales;f_Methanococcaceae;g_Methanococcus;s_Methanococcus maripaludis;-_Methanococcus maripaludis S2
k141_198449	1236	class	Gammaproteobacteria	1	1	1	1.000	unknown;Pseudomonadota;uc_Gammaproteobacteria	-_cellular organisms;d_Bacteria;p_Pseudomonadota;c_Gammaproteobacteria
k141_685280	1783272	clade	Terrabacteria group	1	1	1	1.000	unknown;unknown;unknown	-_cellular organisms;d_Bacteria;-_Terrabacteria group
k141_685289	2	superkingdom	Bacteria	1	1	1	1.000	uc_Bacteria;uc_Bacteria;uc_Bacteria	-_cellular organisms;d_Bacteria
k141_593474	0	no rank	unclassified	1	0	0	0.000		
k141_654517	120961	genus	Roseiflexus	2	2	1	0.500	unknown;Chloroflexota;Roseiflexaceae	-_cellular organisms;d_Bacteria;-_Terrabacteria group;p_Chloroflexota;c_Chloroflexia;o_Chloroflexales;-_Roseiflexineae;f_Roseiflexaceae;g_Roseiflexus
k141_685511	394	strain	Sinorhizobium fredii NGR234	2	2	2	1.000	unknown;Pseudomonadota;Rhizobiaceae	-_cellular organisms;d_Bacteria;p_Pseudomonadota;c_Alphaproteobacteria;o_Hyphomicrobiales;f_Rhizobiaceae;-_Sinorhizobium/Ensifer group;g_Sinorhizobium;-_Sinorhizobium fredii group;s_Sinorhizobium fredii;-_Sinorhizobium fredii NGR234
k141_685754	131567	no rank	cellular organisms	1	1	1	1.000	unknown;unknown;unknown	-_cellular organisms
k141_654953	224308	strain	Bacillus subtilis subsp. subtilis str. 168	1	1	1	1.000	unknown;Bacillota;Bacillaceae	-_cellular organisms;d_Bacteria;-_Terrabacteria group;p_Bacillota;c_Bacilli;o_Bacillales;f_Bacillaceae;g_Bacillus;-_Bacillus subtilis group;s_Bacillus subtilis;-_Bacillus subtilis subsp. subtilis;-_Bacillus subtilis subsp. subtilis str. 168
k141_77127	243232	strain	Methanocaldococcus jannaschii DSM 2661	1	1	1	1.000	unknown;Euryarchaeota;Methanocaldococcaceae	-_cellular organisms;d_Archaea;p_Euryarchaeota;-_Methanomada group;c_Methanococci;o_Methanococcales;f_Methanocaldococcaceae;g_Methanocaldococcus;s_Methanocaldococcus jannaschii;-_Methanocaldococcus jannaschii DSM 2661
k141_928438	224308	strain	Bacillus subtilis subsp. subtilis str. 168	1	1	1	1.000	unknown;Bacillota;Bacillaceae	-_cellular organisms;d_Bacteria;-_Terrabacteria group;p_Bacillota;c_Bacilli;o_Bacillales;f_Bacillaceae;g_Bacillus;-_Bacillus subtilis group;s_Bacillus subtilis;-_Bacillus subtilis subsp. subtilis;-_Bacillus subtilis subsp. subtilis str. 168
k141_806895	2	superkingdom	Bacteria	3	3	2	0.670	uc_Bacteria;uc_Bacteria;uc_Bacteria	-_cellular organisms;d_Bacteria
k141_230153	131567	no rank	cellular organisms	1	1	1	1.000	unknown;unknown;unknown	-_cellular organisms
k141_46724	1239	phylum	Bacillota	3	3	2	0.670	unknown;Bacillota;uc_Bacillota	-_cellular organisms;d_Bacteria;-_Terrabacteria group;p_Bacillota
k141_563879	359391	strain	Brucella abortus 2308	2	2	1	0.500	unknown;Pseudomonadota;Brucellaceae	-_cellular organisms;d_Bacteria;p_Pseudomonadota;c_Alphaproteobacteria;o_Hyphomicrobiales;f_Brucellaceae;-_Brucella/Ochrobactrum group;g_Brucella;s_Brucella abortus;-_Brucella abortus 2308
k141_807153	28890	phylum	Euryarchaeota	1	1	1	1.000	unknown;Euryarchaeota;uc_Euryarchaeota	-_cellular organisms;d_Archaea;p_Euryarchaeota
k141_928758	69541	order	Desulfuromonadales	1	1	1	1.000	unknown;Pseudomonadota;uc_Desulfuromonadales	-_cellular organisms;d_Bacteria;p_Pseudomonadota;-_delta/epsilon subdivisions;c_Deltaproteobacteria;o_Desulfuromonadales
k141_473310	526227	strain	Allomeiothermus silvanus DSM 9946	1	1	1	1.000	unknown;Deinococcota;Thermaceae	-_cellular organisms;d_Bacteria;-_Terrabacteria group;p_Deinococcota;c_Deinococci;o_Thermales;f_Thermaceae;g_Allomeiothermus;s_Allomeiothermus silvanus;-_Allomeiothermus silvanus DSM 9946
k141_686415	2	superkingdom	Bacteria	1	1	1	1.000	uc_Bacteria;uc_Bacteria;uc_Bacteria	-_cellular organisms;d_Bacteria
k141_506303	1	no rank	root	1	1	1	1.000	unknown;unknown;unknown	-_root
k141_658553	1236	class	Gammaproteobacteria	3	3	2	0.670	unknown;Pseudomonadota;uc_Gammaproteobacteria	-_cellular organisms;d_Bacteria;p_Pseudomonadota;c_Gammaproteobacteria
k141_294166	2	superkingdom	Bacteria	1	1	1	1.000	uc_Bacteria;uc_Bacteria;uc_Bacteria	-_cellular organisms;d_Bacteria
k141_506733	224308	strain	Bacillus subtilis subsp. subtilis str. 168	2	2	1	0.500	unknown;Bacillota;Bacillaceae	-_cellular organisms;d_Bacteria;-_Terrabacteria group;p_Bacillota;c_Bacilli;o_Bacillales;f_Bacillaceae;g_Bacillus;-_Bacillus subtilis group;s_Bacillus subtilis;-_Bacillus subtilis subsp. subtilis;-_Bacillus subtilis subsp. subtilis str. 168
k141_780871	224324	strain	Aquifex aeolicus VF5	1	1	1	1.000	unknown;Aquificae;Aquificaceae	-_cellular organisms;d_Bacteria;p_Aquificae;c_Aquificae;o_Aquificales;f_Aquificaceae;g_Aquifex;s_Aquifex aeolicus;-_Aquifex aeolicus VF5
k141_506782	1224	phylum	Pseudomonadota	1	1	1	1.000	unknown;Pseudomonadota;uc_Pseudomonadota	-_cellular organisms;d_Bacteria;p_Pseudomonadota
k141_506813	391953	species	Aquincola tertiaricarbonis	1	1	1	1.000	unknown;Pseudomonadota;Sphaerotilaceae	-_cellular organisms;d_Bacteria;p_Pseudomonadota;c_Betaproteobacteria;o_Burkholderiales;f_Sphaerotilaceae;g_Aquincola;s_Aquincola tertiaricarbonis
k141_628630	131567	no rank	cellular organisms	1	1	1	1.000	unknown;unknown;unknown	-_cellular organisms
k141_294431	243232	strain	Methanocaldococcus jannaschii DSM 2661	1	1	1	1.000	unknown;Euryarchaeota;Methanocaldococcaceae	-_cellular organisms;d_Archaea;p_Euryarchaeota;-_Methanomada group;c_Methanococci;o_Methanococcales;f_Methanocaldococcaceae;g_Methanocaldococcus;s_Methanocaldococcus jannaschii;-_Methanocaldococcus jannaschii DSM 2661
k141_50952	2	superkingdom	Bacteria	3	3	3	1.000	uc_Bacteria;uc_Bacteria;uc_Bacteria	-_cellular organisms;d_Bacteria
k141_928887	2	superkingdom	Bacteria	7	7	4	0.570	uc_Bacteria;uc_Bacteria;uc_Bacteria	-_cellular organisms;d_Bacteria
k141_777516	2	superkingdom	Bacteria	1	1	1	1.000	uc_Bacteria;uc_Bacteria;uc_Bacteria	-_cellular organisms;d_Bacteria
k141_625117	243274	strain	Thermotoga maritima MSB8	3	3	3	1.000	unknown;Thermotogota;Thermotogaceae	-_cellular organisms;d_Bacteria;p_Thermotogota;c_Thermotogae;o_Thermotogales;f_Thermotogaceae;g_Thermotoga;s_Thermotoga maritima;-_Thermotoga maritima MSB8
k141_928998	3028117	class	Cyanophyceae	1	1	1	1.000	unknown;Cyanobacteriota;uc_Cyanophyceae	-_cellular organisms;d_Bacteria;-_Terrabacteria group;-_Cyanobacteriota/Melainabacteria group;p_Cyanobacteriota;c_Cyanophyceae
k141_655842	224308	strain	Bacillus subtilis subsp. subtilis str. 168	2	2	2	1.000	unknown;Bacillota;Bacillaceae	-_cellular organisms;d_Bacteria;-_Terrabacteria group;p_Bacillota;c_Bacilli;o_Bacillales;f_Bacillaceae;g_Bacillus;-_Bacillus subtilis group;s_Bacillus subtilis;-_Bacillus subtilis subsp. subtilis;-_Bacillus subtilis subsp. subtilis str. 168
k141_260684	224308	strain	Bacillus subtilis subsp. subtilis str. 168	1	1	1	1.000	unknown;Bacillota;Bacillaceae	-_cellular organisms;d_Bacteria;-_Terrabacteria group;p_Bacillota;c_Bacilli;o_Bacillales;f_Bacillaceae;g_Bacillus;-_Bacillus subtilis group;s_Bacillus subtilis;-_Bacillus subtilis subsp. subtilis;-_Bacillus subtilis subsp. subtilis str. 168
k141_169697	224308	strain	Bacillus subtilis subsp. subtilis str. 168	1	1	1	1.000	unknown;Bacillota;Bacillaceae	-_cellular organisms;d_Bacteria;-_Terrabacteria group;p_Bacillota;c_Bacilli;o_Bacillales;f_Bacillaceae;g_Bacillus;-_Bacillus subtilis group;s_Bacillus subtilis;-_Bacillus subtilis subsp. subtilis;-_Bacillus subtilis subsp. subtilis str. 168
k141_687163	131567	no rank	cellular organisms	4	3	3	1.000	unknown;unknown;unknown	-_cellular organisms
k141_595236	2283794	clade	Methanomada group	4	3	3	1.000	unknown;Euryarchaeota;unknown	-_cellular organisms;d_Archaea;p_Euryarchaeota;-_Methanomada group
k141_929614	243274	strain	Thermotoga maritima MSB8	1	1	1	1.000	unknown;Thermotogota;Thermotogaceae	-_cellular organisms;d_Bacteria;p_Thermotogota;c_Thermotogae;o_Thermotogales;f_Thermotogaceae;g_Thermotoga;s_Thermotoga maritima;-_Thermotoga maritima MSB8
k141_579118	1760	class	Actinomycetes	2	2	1	0.500	unknown;Actinomycetota;uc_Actinomycetes	-_cellular organisms;d_Bacteria;-_Terrabacteria group;p_Actinomycetota;c_Actinomycetes
k141_640271	2	superkingdom	Bacteria	1	1	1	1.000	uc_Bacteria;uc_Bacteria;uc_Bacteria	-_cellular organisms;d_Bacteria
k141_305937	1783272	clade	Terrabacteria group	3	3	2	0.670	unknown;unknown;unknown	-_cellular organisms;d_Bacteria;-_Terrabacteria group
k141_822522	71421	strain	Haemophilus influenzae Rd KW20	2	2	1	0.500	unknown;Pseudomonadota;Pasteurellaceae	-_cellular organisms;d_Bacteria;p_Pseudomonadota;c_Gammaproteobacteria;o_Pasteurellales;f_Pasteurellaceae;g_Haemophilus;s_Haemophilus influenzae;-_Haemophilus influenzae Rd KW20
k141_123496	186801	class	Clostridia	2	1	1	1.000	unknown;Bacillota;uc_Clostridia	-_cellular organisms;d_Bacteria;-_Terrabacteria group;p_Bacillota;c_Clostridia
k141_93407	131567	no rank	cellular organisms	1	1	1	1.000	unknown;unknown;unknown	-_cellular organisms
k141_2401	224308	strain	Bacillus subtilis subsp. subtilis str. 168	1	1	1	1.000	unknown;Bacillota;Bacillaceae	-_cellular organisms;d_Bacteria;-_Terrabacteria group;p_Bacillota;c_Bacilli;o_Bacillales;f_Bacillaceae;g_Bacillus;-_Bacillus subtilis group;s_Bacillus subtilis;-_Bacillus subtilis subsp. subtilis;-_Bacillus subtilis subsp. subtilis str. 168
k141_762631	2	superkingdom	Bacteria	2	2	2	1.000	uc_Bacteria;uc_Bacteria;uc_Bacteria	-_cellular organisms;d_Bacteria
k141_306729	300852	strain	Thermus thermophilus HB8	1	1	1	1.000	unknown;Deinococcota;Thermaceae	-_cellular organisms;d_Bacteria;-_Terrabacteria group;p_Deinococcota;c_Deinococci;o_Thermales;f_Thermaceae;g_Thermus;s_Thermus thermophilus;-_Thermus thermophilus HB8
k141_823314	131567	no rank	cellular organisms	1	1	1	1.000	unknown;unknown;unknown	-_cellular organisms
k141_63445	2	superkingdom	Bacteria	3	3	3	1.000	uc_Bacteria;uc_Bacteria;uc_Bacteria	-_cellular organisms;d_Bacteria
k141_458590	61435	species	Dehalococcoides mccartyi	1	1	1	1.000	unknown;Chloroflexota;Dehalococcoidaceae	-_cellular organisms;d_Bacteria;-_Terrabacteria group;p_Chloroflexota;c_Dehalococcoidia;o_Dehalococcoidales;f_Dehalococcoidaceae;g_Dehalococcoides;s_Dehalococcoides mccartyi
k141_884614	1224	phylum	Pseudomonadota	2	2	1	0.500	unknown;Pseudomonadota;uc_Pseudomonadota	-_cellular organisms;d_Bacteria;p_Pseudomonadota
k141_458927	224308	strain	Bacillus subtilis subsp. subtilis str. 168	2	2	1	0.500	unknown;Bacillota;Bacillaceae	-_cellular organisms;d_Bacteria;-_Terrabacteria group;p_Bacillota;c_Bacilli;o_Bacillales;f_Bacillaceae;g_Bacillus;-_Bacillus subtilis group;s_Bacillus subtilis;-_Bacillus subtilis subsp. subtilis;-_Bacillus subtilis subsp. subtilis str. 168
k141_732666	1239	phylum	Bacillota	1	1	1	1.000	unknown;Bacillota;uc_Bacillota	-_cellular organisms;d_Bacteria;-_Terrabacteria group;p_Bacillota
k141_94765	32064	order	Chloroflexales	2	2	1	0.500	unknown;Chloroflexota;uc_Chloroflexales	-_cellular organisms;d_Bacteria;-_Terrabacteria group;p_Chloroflexota;c_Chloroflexia;o_Chloroflexales
k141_885110	316274	strain	Herpetosiphon aurantiacus DSM 785	2	2	1	0.500	unknown;Chloroflexota;Herpetosiphonaceae	-_cellular organisms;d_Bacteria;-_Terrabacteria group;p_Chloroflexota;c_Chloroflexia;o_Herpetosiphonales;f_Herpetosiphonaceae;g_Herpetosiphon;s_Herpetosiphon aurantiacus;-_Herpetosiphon aurantiacus DSM 785
k141_581127	2	superkingdom	Bacteria	1	1	1	1.000	uc_Bacteria;uc_Bacteria;uc_Bacteria	-_cellular organisms;d_Bacteria
k141_429136	243274	strain	Thermotoga maritima MSB8	1	1	1	1.000	unknown;Thermotogota;Thermotogaceae	-_cellular organisms;d_Bacteria;p_Thermotogota;c_Thermotogae;o_Thermotogales;f_Thermotogaceae;g_Thermotoga;s_Thermotoga maritima;-_Thermotoga maritima MSB8
k141_64509	543	family	Enterobacteriaceae	1	1	1	1.000	unknown;Pseudomonadota;Enterobacteriaceae	-_cellular organisms;d_Bacteria;p_Pseudomonadota;c_Gammaproteobacteria;o_Enterobacterales;f_Enterobacteriaceae
k141_620207	1395	species	[Bacillus] caldotenax	1	1	1	1.000	unknown;Bacillota;Bacillaceae	-_cellular organisms;d_Bacteria;-_Terrabacteria group;p_Bacillota;c_Bacilli;o_Bacillales;f_Bacillaceae;g_Geobacillus;-_Geobacillus thermoleovorans group;s_[Bacillus] caldotenax
k141_437160	224308	strain	Bacillus subtilis subsp. subtilis str. 168	2	2	1	0.500	unknown;Bacillota;Bacillaceae	-_cellular organisms;d_Bacteria;-_Terrabacteria group;p_Bacillota;c_Bacilli;o_Bacillales;f_Bacillaceae;g_Bacillus;-_Bacillus subtilis group;s_Bacillus subtilis;-_Bacillus subtilis subsp. subtilis;-_Bacillus subtilis subsp. subtilis str. 168
k141_498463	2	superkingdom	Bacteria	1	1	1	1.000	uc_Bacteria;uc_Bacteria;uc_Bacteria	-_cellular organisms;d_Bacteria
k141_711129	224308	strain	Bacillus subtilis subsp. subtilis str. 168	1	1	1	1.000	unknown;Bacillota;Bacillaceae	-_cellular organisms;d_Bacteria;-_Terrabacteria group;p_Bacillota;c_Bacilli;o_Bacillales;f_Bacillaceae;g_Bacillus;-_Bacillus subtilis group;s_Bacillus subtilis;-_Bacillus subtilis subsp. subtilis;-_Bacillus subtilis subsp. subtilis str. 168
k141_237538	316274	strain	Herpetosiphon aurantiacus DSM 785	1	1	1	1.000	unknown;Chloroflexota;Herpetosiphonaceae	-_cellular organisms;d_Bacteria;-_Terrabacteria group;p_Chloroflexota;c_Chloroflexia;o_Herpetosiphonales;f_Herpetosiphonaceae;g_Herpetosiphon;s_Herpetosiphon aurantiacus;-_Herpetosiphon aurantiacus DSM 785
k141_935588	2	superkingdom	Bacteria	1	1	1	1.000	uc_Bacteria;uc_Bacteria;uc_Bacteria	-_cellular organisms;d_Bacteria
k141_784567	1783272	clade	Terrabacteria group	2	2	1	0.500	unknown;unknown;unknown	-_cellular organisms;d_Bacteria;-_Terrabacteria group
k141_966787	1437183	clade	Mesangiospermae	1	1	1	1.000	Viridiplantae;Streptophyta;unknown	-_cellular organisms;d_Eukaryota;k_Viridiplantae;p_Streptophyta;-_Streptophytina;-_Embryophyta;-_Tracheophyta;-_Euphyllophyta;-_Spermatophyta;c_Magnoliopsida;-_Mesangiospermae
k141_115763	83332	strain	Mycobacterium tuberculosis H37Rv	2	2	1	0.500	unknown;Actinomycetota;Mycobacteriaceae	-_cellular organisms;d_Bacteria;-_Terrabacteria group;p_Actinomycetota;c_Actinomycetes;o_Corynebacteriales;f_Mycobacteriaceae;g_Mycobacterium;-_Mycobacterium tuberculosis complex;s_Mycobacterium tuberculosis;-_Mycobacterium tuberculosis H37Rv
k141_449442	543	family	Enterobacteriaceae	4	4	2	0.640	unknown;Pseudomonadota;Enterobacteriaceae	-_cellular organisms;d_Bacteria;p_Pseudomonadota;c_Gammaproteobacteria;o_Enterobacterales;f_Enterobacteriaceae
k141_109313	188787	class	Deinococci	1	1	1	1.000	unknown;Deinococcota;uc_Deinococci	-_cellular organisms;d_Bacteria;-_Terrabacteria group;p_Deinococcota;c_Deinococci
k141_656312	224308	strain	Bacillus subtilis subsp. subtilis str. 168	3	3	2	0.670	unknown;Bacillota;Bacillaceae	-_cellular organisms;d_Bacteria;-_Terrabacteria group;p_Bacillota;c_Bacilli;o_Bacillales;f_Bacillaceae;g_Bacillus;-_Bacillus subtilis group;s_Bacillus subtilis;-_Bacillus subtilis subsp. subtilis;-_Bacillus subtilis subsp. subtilis str. 168
k141_687404	103690	species	Nostoc sp. PCC 7120 = FACHB-418	1	1	1	1.000	unknown;Cyanobacteriota;Nostocaceae	-_cellular organisms;d_Bacteria;-_Terrabacteria group;-_Cyanobacteriota/Melainabacteria group;p_Cyanobacteriota;c_Cyanophyceae;o_Nostocales;f_Nostocaceae;g_Nostoc;-_unclassified Nostoc;s_Nostoc sp. PCC 7120 = FACHB-418
k141_535226	351160	strain	Methanocella arvoryzae MRE50	1	1	1	1.000	unknown;Euryarchaeota;Methanocellaceae	-_cellular organisms;d_Archaea;p_Euryarchaeota;-_Stenosarchaea group;c_Methanomicrobia;o_Methanocellales;f_Methanocellaceae;g_Methanocella;s_Methanocella arvoryzae;-_Methanocella arvoryzae MRE50
k141_747685	224325	strain	Archaeoglobus fulgidus DSM 4304	2	2	1	0.500	unknown;Euryarchaeota;Archaeoglobaceae	-_cellular organisms;d_Archaea;p_Euryarchaeota;c_Archaeoglobi;o_Archaeoglobales;f_Archaeoglobaceae;g_Archaeoglobus;s_Archaeoglobus fulgidus;-_Archaeoglobus fulgidus DSM 4304
k141_656475	224326	strain	Borreliella burgdorferi B31	1	1	1	1.000	unknown;Spirochaetota;Borreliaceae	-_cellular organisms;d_Bacteria;p_Spirochaetota;c_Spirochaetia;o_Spirochaetales;f_Borreliaceae;g_Borreliella;s_Borreliella burgdorferi;-_Borreliella burgdorferi B31
k141_899684	1783272	clade	Terrabacteria group	4	4	3	0.750	unknown;unknown;unknown	-_cellular organisms;d_Bacteria;-_Terrabacteria group
k141_151999	186801	class	Clostridia	1	1	1	1.000	unknown;Bacillota;uc_Clostridia	-_cellular organisms;d_Bacteria;-_Terrabacteria group;p_Bacillota;c_Clostridia
k141_881582	2	superkingdom	Bacteria	1	1	1	1.000	uc_Bacteria;uc_Bacteria;uc_Bacteria	-_cellular organisms;d_Bacteria
k141_327	2	superkingdom	Bacteria	1	1	1	1.000	uc_Bacteria;uc_Bacteria;uc_Bacteria	-_cellular organisms;d_Bacteria
k141_176664	1437183	clade	Mesangiospermae	3	3	2	0.960	Viridiplantae;Streptophyta;unknown	-_cellular organisms;d_Eukaryota;k_Viridiplantae;p_Streptophyta;-_Streptophytina;-_Embryophyta;-_Tracheophyta;-_Euphyllophyta;-_Spermatophyta;c_Magnoliopsida;-_Mesangiospermae
k141_935877	2	superkingdom	Bacteria	15	11	11	1.000	uc_Bacteria;uc_Bacteria;uc_Bacteria	-_cellular organisms;d_Bacteria
k141_54484	28890	phylum	Euryarchaeota	4	4	3	0.750	unknown;Euryarchaeota;uc_Euryarchaeota	-_cellular organisms;d_Archaea;p_Euryarchaeota
k141_116060	1236	class	Gammaproteobacteria	3	3	2	0.950	unknown;Pseudomonadota;uc_Gammaproteobacteria	-_cellular organisms;d_Bacteria;p_Pseudomonadota;c_Gammaproteobacteria
k141_723573	3702	species	Arabidopsis thaliana	2	2	1	0.500	Viridiplantae;Streptophyta;Brassicaceae	-_cellular organisms;d_Eukaryota;k_Viridiplantae;p_Streptophyta;-_Streptophytina;-_Embryophyta;-_Tracheophyta;-_Euphyllophyta;-_Spermatophyta;c_Magnoliopsida;-_Mesangiospermae;-_eudicotyledons;-_Gunneridae;-_Pentapetalae;-_rosids;-_malvids;o_Brassicales;f_Brassicaceae;-_Camelineae;g_Arabidopsis;s_Arabidopsis thaliana
k141_449728	203119	strain	Acetivibrio thermocellus ATCC 27405	1	1	1	1.000	unknown;Bacillota;Oscillospiraceae	-_cellular organisms;d_Bacteria;-_Terrabacteria group;p_Bacillota;c_Clostridia;o_Eubacteriales;f_Oscillospiraceae;g_Acetivibrio;s_Acetivibrio thermocellus;-_Acetivibrio thermocellus ATCC 27405
k141_723589	83333	strain	Escherichia coli K-12	8	4	2	0.500	unknown;Pseudomonadota;Enterobacteriaceae	-_cellular organisms;d_Bacteria;p_Pseudomonadota;c_Gammaproteobacteria;o_Enterobacterales;f_Enterobacteriaceae;g_Escherichia;s_Escherichia coli;-_Escherichia coli K-12
k141_785090	309798	strain	Coprothermobacter proteolyticus DSM 5265	2	2	1	0.500	unknown;Coprothermobacterota;Coprothermobacteraceae	-_cellular organisms;d_Bacteria;p_Coprothermobacterota;c_Coprothermobacteria;o_Coprothermobacterales;f_Coprothermobacteraceae;g_Coprothermobacter;s_Coprothermobacter proteolyticus;-_Coprothermobacter proteolyticus DSM 5265
k141_390547	2	superkingdom	Bacteria	1	1	1	1.000	uc_Bacteria;uc_Bacteria;uc_Bacteria	-_cellular organisms;d_Bacteria
k141_602075	878	species	Solidesulfovibrio fructosivorans	3	3	2	0.670	unknown;Pseudomonadota;Desulfovibrionaceae	-_cellular organisms;d_Bacteria;p_Pseudomonadota;-_delta/epsilon subdivisions;c_Deltaproteobacteria;o_Desulfovibrionales;f_Desulfovibrionaceae;g_Solidesulfovibrio;s_Solidesulfovibrio fructosivorans
k141_725578	1236	class	Gammaproteobacteria	4	2	1	0.500	unknown;Pseudomonadota;uc_Gammaproteobacteria	-_cellular organisms;d_Bacteria;p_Pseudomonadota;c_Gammaproteobacteria
k141_178762	2	superkingdom	Bacteria	1	1	1	1.000	uc_Bacteria;uc_Bacteria;uc_Bacteria	-_cellular organisms;d_Bacteria
k141_512911	0	no rank	unclassified	1	0	0	0.000		
k141_87510	2	superkingdom	Bacteria	2	2	2	1.000	uc_Bacteria;uc_Bacteria;uc_Bacteria	-_cellular organisms;d_Bacteria
k141_787221	91061	class	Bacilli	1	1	1	1.000	unknown;Bacillota;uc_Bacilli	-_cellular organisms;d_Bacteria;-_Terrabacteria group;p_Bacillota;c_Bacilli
k141_148377	208964	strain	Pseudomonas aeruginosa PAO1	3	3	2	0.670	unknown;Pseudomonadota;Pseudomonadaceae	-_cellular organisms;d_Bacteria;p_Pseudomonadota;c_Gammaproteobacteria;o_Pseudomonadales;f_Pseudomonadaceae;g_Pseudomonas;-_Pseudomonas aeruginosa group;s_Pseudomonas aeruginosa;-_Pseudomonas aeruginosa PAO1
k141_787263	131567	no rank	cellular organisms	2	2	2	1.000	unknown;unknown;unknown	-_cellular organisms
k141_118442	0	no rank	unclassified	1	0	0	0.000		
k141_756510	2	superkingdom	Bacteria	3	3	2	0.670	uc_Bacteria;uc_Bacteria;uc_Bacteria	-_cellular organisms;d_Bacteria
k141_817116	1224	phylum	Pseudomonadota	1	1	1	1.000	unknown;Pseudomonadota;uc_Pseudomonadota	-_cellular organisms;d_Bacteria;p_Pseudomonadota
k141_646675	28211	class	Alphaproteobacteria	2	2	1	0.500	unknown;Pseudomonadota;uc_Alphaproteobacteria	-_cellular organisms;d_Bacteria;p_Pseudomonadota;c_Alphaproteobacteria
k141_99787	391953	species	Aquincola tertiaricarbonis	1	1	1	1.000	unknown;Pseudomonadota;Sphaerotilaceae	-_cellular organisms;d_Bacteria;p_Pseudomonadota;c_Betaproteobacteria;o_Burkholderiales;f_Sphaerotilaceae;g_Aquincola;s_Aquincola tertiaricarbonis
k141_38383	2	superkingdom	Bacteria	1	1	1	1.000	uc_Bacteria;uc_Bacteria;uc_Bacteria	-_cellular organisms;d_Bacteria
k141_616593	754252	strain	Propionibacterium freudenreichii subsp. shermanii CIRM-BIA1	2	2	1	0.500	unknown;Actinomycetota;Propionibacteriaceae	-_cellular organisms;d_Bacteria;-_Terrabacteria group;p_Actinomycetota;c_Actinomycetes;o_Propionibacteriales;f_Propionibacteriaceae;g_Propionibacterium;s_Propionibacterium freudenreichii;-_Propionibacterium freudenreichii subsp. shermanii;-_Propionibacterium freudenreichii subsp. shermanii CIRM-BIA1
k141_737909	5763	species	Naegleria fowleri	2	2	1	0.500	unknown;Heterolobosea;Vahlkampfiidae	-_cellular organisms;d_Eukaryota;-_Discoba;p_Heterolobosea;-_Tetramitia;-_Eutetramitia;f_Vahlkampfiidae;g_Naegleria;s_Naegleria fowleri
k141_859741	1236	class	Gammaproteobacteria	1	1	1	1.000	unknown;Pseudomonadota;uc_Gammaproteobacteria	-_cellular organisms;d_Bacteria;p_Pseudomonadota;c_Gammaproteobacteria
k141_373917	208964	strain	Pseudomonas aeruginosa PAO1	3	2	1	0.930	unknown;Pseudomonadota;Pseudomonadaceae	-_cellular organisms;d_Bacteria;p_Pseudomonadota;c_Gammaproteobacteria;o_Pseudomonadales;f_Pseudomonadaceae;g_Pseudomonas;-_Pseudomonas aeruginosa group;s_Pseudomonas aeruginosa;-_Pseudomonas aeruginosa PAO1
k141_343398	1239	phylum	Bacillota	3	3	2	0.670	unknown;Bacillota;uc_Bacillota	-_cellular organisms;d_Bacteria;-_Terrabacteria group;p_Bacillota
k141_374068	1783272	clade	Terrabacteria group	1	1	1	1.000	unknown;unknown;unknown	-_cellular organisms;d_Bacteria;-_Terrabacteria group
k141_526041	1236	class	Gammaproteobacteria	2	2	1	0.500	unknown;Pseudomonadota;uc_Gammaproteobacteria	-_cellular organisms;d_Bacteria;p_Pseudomonadota;c_Gammaproteobacteria
k141_724798	2	superkingdom	Bacteria	1	1	1	1.000	uc_Bacteria;uc_Bacteria;uc_Bacteria	-_cellular organisms;d_Bacteria
k141_268829	1279	genus	Staphylococcus	1	1	1	1.000	unknown;Bacillota;Staphylococcaceae	-_cellular organisms;d_Bacteria;-_Terrabacteria group;p_Bacillota;c_Bacilli;o_Bacillales;f_Staphylococcaceae;g_Staphylococcus
k141_391624	1950	species	Streptomyces peucetius	1	1	1	1.000	unknown;Actinomycetota;Streptomycetaceae	-_cellular organisms;d_Bacteria;-_Terrabacteria group;p_Actinomycetota;c_Actinomycetes;o_Streptomycetales;f_Streptomycetaceae;g_Streptomyces;s_Streptomyces peucetius
k141_55883	131567	no rank	cellular organisms	5	5	5	1.000	unknown;unknown;unknown	-_cellular organisms
k141_634046	1236	class	Gammaproteobacteria	2	2	1	0.500	unknown;Pseudomonadota;uc_Gammaproteobacteria	-_cellular organisms;d_Bacteria;p_Pseudomonadota;c_Gammaproteobacteria
k141_360318	243274	strain	Thermotoga maritima MSB8	2	2	1	0.500	unknown;Thermotogota;Thermotogaceae	-_cellular organisms;d_Bacteria;p_Thermotogota;c_Thermotogae;o_Thermotogales;f_Thermotogaceae;g_Thermotoga;s_Thermotoga maritima;-_Thermotoga maritima MSB8
k141_451395	28890	phylum	Euryarchaeota	3	3	2	0.670	unknown;Euryarchaeota;uc_Euryarchaeota	-_cellular organisms;d_Archaea;p_Euryarchaeota
k141_208523	3702	species	Arabidopsis thaliana	2	2	1	0.500	Viridiplantae;Streptophyta;Brassicaceae	-_cellular organisms;d_Eukaryota;k_Viridiplantae;p_Streptophyta;-_Streptophytina;-_Embryophyta;-_Tracheophyta;-_Euphyllophyta;-_Spermatophyta;c_Magnoliopsida;-_Mesangiospermae;-_eudicotyledons;-_Gunneridae;-_Pentapetalae;-_rosids;-_malvids;o_Brassicales;f_Brassicaceae;-_Camelineae;g_Arabidopsis;s_Arabidopsis thaliana
k141_178584	131567	no rank	cellular organisms	1	1	1	1.000	unknown;unknown;unknown	-_cellular organisms
k141_117990	2	superkingdom	Bacteria	1	1	1	1.000	uc_Bacteria;uc_Bacteria;uc_Bacteria	-_cellular organisms;d_Bacteria
k141_849003	120961	genus	Roseiflexus	2	2	1	0.500	unknown;Chloroflexota;Roseiflexaceae	-_cellular organisms;d_Bacteria;-_Terrabacteria group;p_Chloroflexota;c_Chloroflexia;o_Chloroflexales;-_Roseiflexineae;f_Roseiflexaceae;g_Roseiflexus
k141_757418	0	no rank	unclassified	1	0	0	0.000		
k141_149567	32064	order	Chloroflexales	4	4	2	0.500	unknown;Chloroflexota;uc_Chloroflexales	-_cellular organisms;d_Bacteria;-_Terrabacteria group;p_Chloroflexota;c_Chloroflexia;o_Chloroflexales
k141_818373	1296	species	Mammaliicoccus sciuri	2	2	1	0.500	unknown;Bacillota;Staphylococcaceae	-_cellular organisms;d_Bacteria;-_Terrabacteria group;p_Bacillota;c_Bacilli;o_Bacillales;f_Staphylococcaceae;g_Mammaliicoccus;s_Mammaliicoccus sciuri
k141_939793	2	superkingdom	Bacteria	1	1	1	1.000	uc_Bacteria;uc_Bacteria;uc_Bacteria	-_cellular organisms;d_Bacteria
k141_971005	131567	no rank	cellular organisms	1	1	1	1.000	unknown;unknown;unknown	-_cellular organisms
k141_485044	131567	no rank	cellular organisms	1	1	1	1.000	unknown;unknown;unknown	-_cellular organisms
k141_727414	1760	class	Actinomycetes	3	3	2	0.670	unknown;Actinomycetota;uc_Actinomycetes	-_cellular organisms;d_Bacteria;-_Terrabacteria group;p_Actinomycetota;c_Actinomycetes
k141_849814	1385	order	Bacillales	1	1	1	1.000	unknown;Bacillota;uc_Bacillales	-_cellular organisms;d_Bacteria;-_Terrabacteria group;p_Bacillota;c_Bacilli;o_Bacillales
k141_636369	224308	strain	Bacillus subtilis subsp. subtilis str. 168	3	2	1	0.500	unknown;Bacillota;Bacillaceae	-_cellular organisms;d_Bacteria;-_Terrabacteria group;p_Bacillota;c_Bacilli;o_Bacillales;f_Bacillaceae;g_Bacillus;-_Bacillus subtilis group;s_Bacillus subtilis;-_Bacillus subtilis subsp. subtilis;-_Bacillus subtilis subsp. subtilis str. 168
k141_118565	2	superkingdom	Bacteria	1	1	1	1.000	uc_Bacteria;uc_Bacteria;uc_Bacteria	-_cellular organisms;d_Bacteria
k141_848280	224308	strain	Bacillus subtilis subsp. subtilis str. 168	1	1	1	1.000	unknown;Bacillota;Bacillaceae	-_cellular organisms;d_Bacteria;-_Terrabacteria group;p_Bacillota;c_Bacilli;o_Bacillales;f_Bacillaceae;g_Bacillus;-_Bacillus subtilis group;s_Bacillus subtilis;-_Bacillus subtilis subsp. subtilis;-_Bacillus subtilis subsp. subtilis str. 168
k141_878120	562	species	Escherichia coli	1	1	1	1.000	unknown;Pseudomonadota;Enterobacteriaceae	-_cellular organisms;d_Bacteria;p_Pseudomonadota;c_Gammaproteobacteria;o_Enterobacterales;f_Enterobacteriaceae;g_Escherichia;s_Escherichia coli
k141_513500	2	superkingdom	Bacteria	4	4	3	0.670	uc_Bacteria;uc_Bacteria;uc_Bacteria	-_cellular organisms;d_Bacteria
k141_270217	0	no rank	unclassified	1	0	0	0.000		
k141_513616	1236	class	Gammaproteobacteria	2	1	1	1.000	unknown;Pseudomonadota;uc_Gammaproteobacteria	-_cellular organisms;d_Bacteria;p_Pseudomonadota;c_Gammaproteobacteria
k141_604534	131567	no rank	cellular organisms	1	1	1	1.000	unknown;unknown;unknown	-_cellular organisms
k141_817742	91061	class	Bacilli	2	1	1	1.000	unknown;Bacillota;uc_Bacilli	-_cellular organisms;d_Bacteria;-_Terrabacteria group;p_Bacillota;c_Bacilli
k141_452789	83333	strain	Escherichia coli K-12	2	2	1	0.500	unknown;Pseudomonadota;Enterobacteriaceae	-_cellular organisms;d_Bacteria;p_Pseudomonadota;c_Gammaproteobacteria;o_Enterobacterales;f_Enterobacteriaceae;g_Escherichia;s_Escherichia coli;-_Escherichia coli K-12
k141_817906	2759	superkingdom	Eukaryota	1	1	1	1.000	uc_Eukaryota;uc_Eukaryota;uc_Eukaryota	-_cellular organisms;d_Eukaryota
k141_568584	2	superkingdom	Bacteria	5	5	5	1.000	uc_Bacteria;uc_Bacteria;uc_Bacteria	-_cellular organisms;d_Bacteria
k141_720561	2283794	clade	Methanomada group	1	1	1	1.000	unknown;Euryarchaeota;unknown	-_cellular organisms;d_Archaea;p_Euryarchaeota;-_Methanomada group
k141_842745	2	superkingdom	Bacteria	1	1	1	1.000	uc_Bacteria;uc_Bacteria;uc_Bacteria	-_cellular organisms;d_Bacteria
k141_751301	3028117	class	Cyanophyceae	1	1	1	1.000	unknown;Cyanobacteriota;uc_Cyanophyceae	-_cellular organisms;d_Bacteria;-_Terrabacteria group;-_Cyanobacteriota/Melainabacteria group;p_Cyanobacteriota;c_Cyanophyceae
k141_720746	523841	strain	Haloferax mediterranei ATCC 33500	2	2	1	0.500	unknown;Euryarchaeota;Haloferacaceae	-_cellular organisms;d_Archaea;p_Euryarchaeota;-_Stenosarchaea group;c_Halobacteria;o_Haloferacales;f_Haloferacaceae;g_Haloferax;s_Haloferax mediterranei;-_Haloferax mediterranei ATCC 33500
k141_387567	2	superkingdom	Bacteria	3	3	3	1.000	uc_Bacteria;uc_Bacteria;uc_Bacteria	-_cellular organisms;d_Bacteria
k141_964569	91061	class	Bacilli	2	2	1	0.500	unknown;Bacillota;uc_Bacilli	-_cellular organisms;d_Bacteria;-_Terrabacteria group;p_Bacillota;c_Bacilli
k141_872976	1773	species	Mycobacterium tuberculosis	1	1	1	1.000	unknown;Actinomycetota;Mycobacteriaceae	-_cellular organisms;d_Bacteria;-_Terrabacteria group;p_Actinomycetota;c_Actinomycetes;o_Corynebacteriales;f_Mycobacteriaceae;g_Mycobacterium;-_Mycobacterium tuberculosis complex;s_Mycobacterium tuberculosis
k141_235471	2	superkingdom	Bacteria	2	2	2	1.000	uc_Bacteria;uc_Bacteria;uc_Bacteria	-_cellular organisms;d_Bacteria
k141_447431	131567	no rank	cellular organisms	1	1	1	1.000	unknown;unknown;unknown	-_cellular organisms
k141_40126	131567	no rank	cellular organisms	1	1	1	1.000	unknown;unknown;unknown	-_cellular organisms
k141_770116	224308	strain	Bacillus subtilis subsp. subtilis str. 168	2	2	1	0.500	unknown;Bacillota;Bacillaceae	-_cellular organisms;d_Bacteria;-_Terrabacteria group;p_Bacillota;c_Bacilli;o_Bacillales;f_Bacillaceae;g_Bacillus;-_Bacillus subtilis group;s_Bacillus subtilis;-_Bacillus subtilis subsp. subtilis;-_Bacillus subtilis subsp. subtilis str. 168
k141_922291	83333	strain	Escherichia coli K-12	1	1	1	1.000	unknown;Pseudomonadota;Enterobacteriaceae	-_cellular organisms;d_Bacteria;p_Pseudomonadota;c_Gammaproteobacteria;o_Enterobacterales;f_Enterobacteriaceae;g_Escherichia;s_Escherichia coli;-_Escherichia coli K-12
k141_405329	309803	strain	Thermotoga neapolitana DSM 4359	4	4	2	0.500	unknown;Thermotogota;Thermotogaceae	-_cellular organisms;d_Bacteria;p_Thermotogota;c_Thermotogae;o_Thermotogales;f_Thermotogaceae;g_Thermotoga;s_Thermotoga neapolitana;-_Thermotoga neapolitana DSM 4359
k141_466303	2	superkingdom	Bacteria	1	1	1	1.000	uc_Bacteria;uc_Bacteria;uc_Bacteria	-_cellular organisms;d_Bacteria
k141_496685	0	no rank	unclassified	1	0	0	0.000		
k141_10192	2157	superkingdom	Archaea	1	1	1	1.000	uc_Archaea;uc_Archaea;uc_Archaea	-_cellular organisms;d_Archaea
k141_132073	2	superkingdom	Bacteria	1	1	1	1.000	uc_Bacteria;uc_Bacteria;uc_Bacteria	-_cellular organisms;d_Bacteria
k141_223876	131567	no rank	cellular organisms	2	1	1	1.000	unknown;unknown;unknown	-_cellular organisms
k141_283907	131567	no rank	cellular organisms	1	1	1	1.000	unknown;unknown;unknown	-_cellular organisms
k141_750395	2	superkingdom	Bacteria	1	1	1	1.000	uc_Bacteria;uc_Bacteria;uc_Bacteria	-_cellular organisms;d_Bacteria
k141_750483	224308	strain	Bacillus subtilis subsp. subtilis str. 168	1	1	1	1.000	unknown;Bacillota;Bacillaceae	-_cellular organisms;d_Bacteria;-_Terrabacteria group;p_Bacillota;c_Bacilli;o_Bacillales;f_Bacillaceae;g_Bacillus;-_Bacillus subtilis group;s_Bacillus subtilis;-_Bacillus subtilis subsp. subtilis;-_Bacillus subtilis subsp. subtilis str. 168
k141_538061	2	superkingdom	Bacteria	1	1	1	1.000	uc_Bacteria;uc_Bacteria;uc_Bacteria	-_cellular organisms;d_Bacteria
k141_720103	2	superkingdom	Bacteria	1	1	1	1.000	uc_Bacteria;uc_Bacteria;uc_Bacteria	-_cellular organisms;d_Bacteria
k141_234648	359391	strain	Brucella abortus 2308	1	1	1	1.000	unknown;Pseudomonadota;Brucellaceae	-_cellular organisms;d_Bacteria;p_Pseudomonadota;c_Alphaproteobacteria;o_Hyphomicrobiales;f_Brucellaceae;-_Brucella/Ochrobactrum group;g_Brucella;s_Brucella abortus;-_Brucella abortus 2308
k141_51289	83333	strain	Escherichia coli K-12	1	1	1	1.000	unknown;Pseudomonadota;Enterobacteriaceae	-_cellular organisms;d_Bacteria;p_Pseudomonadota;c_Gammaproteobacteria;o_Enterobacterales;f_Enterobacteriaceae;g_Escherichia;s_Escherichia coli;-_Escherichia coli K-12
k141_568258	2	superkingdom	Bacteria	2	1	1	1.000	uc_Bacteria;uc_Bacteria;uc_Bacteria	-_cellular organisms;d_Bacteria
k141_720473	0	no rank	unclassified	1	0	0	0.000		
k141_751056	2	superkingdom	Bacteria	4	3	3	1.000	uc_Bacteria;uc_Bacteria;uc_Bacteria	-_cellular organisms;d_Bacteria
k141_842589	224308	strain	Bacillus subtilis subsp. subtilis str. 168	2	2	1	0.500	unknown;Bacillota;Bacillaceae	-_cellular organisms;d_Bacteria;-_Terrabacteria group;p_Bacillota;c_Bacilli;o_Bacillales;f_Bacillaceae;g_Bacillus;-_Bacillus subtilis group;s_Bacillus subtilis;-_Bacillus subtilis subsp. subtilis;-_Bacillus subtilis subsp. subtilis str. 168
k141_892841	1637	genus	Listeria	3	2	1	0.500	unknown;Bacillota;Listeriaceae	-_cellular organisms;d_Bacteria;-_Terrabacteria group;p_Bacillota;c_Bacilli;o_Bacillales;f_Listeriaceae;g_Listeria
k141_497304	2259	family	Thermococcaceae	1	1	1	1.000	unknown;Euryarchaeota;Thermococcaceae	-_cellular organisms;d_Archaea;p_Euryarchaeota;c_Thermococci;o_Thermococcales;f_Thermococcaceae
k141_649848	1236	class	Gammaproteobacteria	2	2	1	0.500	unknown;Pseudomonadota;uc_Gammaproteobacteria	-_cellular organisms;d_Bacteria;p_Pseudomonadota;c_Gammaproteobacteria
k141_893192	2	superkingdom	Bacteria	1	1	1	1.000	uc_Bacteria;uc_Bacteria;uc_Bacteria	-_cellular organisms;d_Bacteria
k141_72054	243232	strain	Methanocaldococcus jannaschii DSM 2661	1	1	1	1.000	unknown;Euryarchaeota;Methanocaldococcaceae	-_cellular organisms;d_Archaea;p_Euryarchaeota;-_Methanomada group;c_Methanococci;o_Methanococcales;f_Methanocaldococcaceae;g_Methanocaldococcus;s_Methanocaldococcus jannaschii;-_Methanocaldococcus jannaschii DSM 2661
k141_558415	129908	species	Bacillus sp. H-257	1	1	1	1.000	unknown;Bacillota;Bacillaceae	-_cellular organisms;d_Bacteria;-_Terrabacteria group;p_Bacillota;c_Bacilli;o_Bacillales;f_Bacillaceae;g_Bacillus;-_unclassified Bacillus (in: firmicutes);s_Bacillus sp. H-257
k141_467611	28890	phylum	Euryarchaeota	2	2	2	1.000	unknown;Euryarchaeota;uc_Euryarchaeota	-_cellular organisms;d_Archaea;p_Euryarchaeota
k141_224969	61435	species	Dehalococcoides mccartyi	2	2	1	0.500	unknown;Chloroflexota;Dehalococcoidaceae	-_cellular organisms;d_Bacteria;-_Terrabacteria group;p_Chloroflexota;c_Dehalococcoidia;o_Dehalococcoidales;f_Dehalococcoidaceae;g_Dehalococcoides;s_Dehalococcoides mccartyi
k141_225004	131567	no rank	cellular organisms	1	1	1	1.000	unknown;unknown;unknown	-_cellular organisms
k141_316081	131567	no rank	cellular organisms	1	1	1	1.000	unknown;unknown;unknown	-_cellular organisms
k141_371274	32523	clade	Tetrapoda	1	1	1	1.000	Metazoa;Chordata;unknown	-_cellular organisms;d_Eukaryota;-_Opisthokonta;k_Metazoa;-_Eumetazoa;-_Bilateria;-_Deuterostomia;p_Chordata;-_Craniata;-_Vertebrata;-_Gnathostomata;-_Teleostomi;-_Euteleostomi;-_Sarcopterygii;-_Dipnotetrapodomorpha;-_Tetrapoda
k141_888308	0	no rank	unclassified	1	0	0	0.000		
k141_340995	795359	strain	Thermodesulfobacterium geofontis OPF15	1	1	1	1.000	unknown;Thermodesulfobacteria;Thermodesulfobacteriaceae	-_cellular organisms;d_Bacteria;p_Thermodesulfobacteria;c_Thermodesulfobacteria;o_Thermodesulfobacteriales;f_Thermodesulfobacteriaceae;g_Thermodesulfobacterium;s_Thermodesulfobacterium geofontis;-_Thermodesulfobacterium geofontis OPF15
k141_36804	1402	species	Bacillus licheniformis	1	1	1	1.000	unknown;Bacillota;Bacillaceae	-_cellular organisms;d_Bacteria;-_Terrabacteria group;p_Bacillota;c_Bacilli;o_Bacillales;f_Bacillaceae;g_Bacillus;-_Bacillus subtilis group;s_Bacillus licheniformis
k141_6686	131567	no rank	cellular organisms	2	1	1	1.000	unknown;unknown;unknown	-_cellular organisms
k141_371928	1236	class	Gammaproteobacteria	1	1	1	1.000	unknown;Pseudomonadota;uc_Gammaproteobacteria	-_cellular organisms;d_Bacteria;p_Pseudomonadota;c_Gammaproteobacteria
k141_766837	356	order	Hyphomicrobiales	1	1	1	1.000	unknown;Pseudomonadota;uc_Hyphomicrobiales	-_cellular organisms;d_Bacteria;p_Pseudomonadota;c_Alphaproteobacteria;o_Hyphomicrobiales
k141_797502	1224	phylum	Pseudomonadota	3	3	2	0.670	unknown;Pseudomonadota;uc_Pseudomonadota	-_cellular organisms;d_Bacteria;p_Pseudomonadota
k141_7038	1425	species	Bacillus thermoamyloliquefaciens	1	1	1	1.000	unknown;Bacillota;Bacillaceae	-_cellular organisms;d_Bacteria;-_Terrabacteria group;p_Bacillota;c_Bacilli;o_Bacillales;f_Bacillaceae;g_Bacillus;s_Bacillus thermoamyloliquefaciens
k141_766944	246197	strain	Myxococcus xanthus DK 1622	1	1	1	1.000	unknown;Pseudomonadota;Myxococcaceae	-_cellular organisms;d_Bacteria;p_Pseudomonadota;-_delta/epsilon subdivisions;c_Deltaproteobacteria;o_Myxococcales;-_Cystobacterineae;f_Myxococcaceae;g_Myxococcus;s_Myxococcus xanthus;-_Myxococcus xanthus DK 1622
k141_53197	224308	strain	Bacillus subtilis subsp. subtilis str. 168	2	2	1	0.500	unknown;Bacillota;Bacillaceae	-_cellular organisms;d_Bacteria;-_Terrabacteria group;p_Bacillota;c_Bacilli;o_Bacillales;f_Bacillaceae;g_Bacillus;-_Bacillus subtilis group;s_Bacillus subtilis;-_Bacillus subtilis subsp. subtilis;-_Bacillus subtilis subsp. subtilis str. 168
k141_418878	2	superkingdom	Bacteria	1	1	1	1.000	uc_Bacteria;uc_Bacteria;uc_Bacteria	-_cellular organisms;d_Bacteria
k141_418977	1224	phylum	Pseudomonadota	1	1	1	1.000	unknown;Pseudomonadota;uc_Pseudomonadota	-_cellular organisms;d_Bacteria;p_Pseudomonadota
k141_935038	272558	strain	Halalkalibacterium halodurans C-125	1	1	1	1.000	unknown;Bacillota;Bacillaceae	-_cellular organisms;d_Bacteria;-_Terrabacteria group;p_Bacillota;c_Bacilli;o_Bacillales;f_Bacillaceae;g_Halalkalibacterium (ex Joshi et al. 2022);s_Halalkalibacterium halodurans;-_Halalkalibacterium halodurans C-125
k141_844671	2	superkingdom	Bacteria	3	3	3	1.000	uc_Bacteria;uc_Bacteria;uc_Bacteria	-_cellular organisms;d_Bacteria
k141_266536	2	superkingdom	Bacteria	1	1	1	1.000	uc_Bacteria;uc_Bacteria;uc_Bacteria	-_cellular organisms;d_Bacteria
k141_327858	1883	genus	Streptomyces	2	2	1	0.500	unknown;Actinomycetota;Streptomycetaceae	-_cellular organisms;d_Bacteria;-_Terrabacteria group;p_Actinomycetota;c_Actinomycetes;o_Streptomycetales;f_Streptomycetaceae;g_Streptomyces
k141_327878	28890	phylum	Euryarchaeota	2	2	1	0.500	unknown;Euryarchaeota;uc_Euryarchaeota	-_cellular organisms;d_Archaea;p_Euryarchaeota
k141_84869	2	superkingdom	Bacteria	4	3	3	1.000	uc_Bacteria;uc_Bacteria;uc_Bacteria	-_cellular organisms;d_Bacteria
k141_693056	0	no rank	unclassified	2	0	0	0.000		
k141_252326	32061	class	Chloroflexia	2	2	1	0.500	unknown;Chloroflexota;uc_Chloroflexia	-_cellular organisms;d_Bacteria;-_Terrabacteria group;p_Chloroflexota;c_Chloroflexia
k141_222432	0	no rank	unclassified	1	0	0	0.000		
k141_951750	0	no rank	unclassified	1	0	0	0.000		
k141_9140	2	superkingdom	Bacteria	2	2	1	0.500	uc_Bacteria;uc_Bacteria;uc_Bacteria	-_cellular organisms;d_Bacteria
k141_69977	2	superkingdom	Bacteria	1	1	1	1.000	uc_Bacteria;uc_Bacteria;uc_Bacteria	-_cellular organisms;d_Bacteria
k141_556576	562	species	Escherichia coli	1	1	1	1.000	unknown;Pseudomonadota;Enterobacteriaceae	-_cellular organisms;d_Bacteria;p_Pseudomonadota;c_Gammaproteobacteria;o_Enterobacterales;f_Enterobacteriaceae;g_Escherichia;s_Escherichia coli
k141_921863	2260	genus	Pyrococcus	1	1	1	1.000	unknown;Euryarchaeota;Thermococcaceae	-_cellular organisms;d_Archaea;p_Euryarchaeota;c_Thermococci;o_Thermococcales;f_Thermococcaceae;g_Pyrococcus
k141_9551	131567	no rank	cellular organisms	3	3	3	1.000	unknown;unknown;unknown	-_cellular organisms
k141_587306	0	no rank	unclassified	1	0	0	0.000		
k141_70651	2157	superkingdom	Archaea	1	1	1	1.000	uc_Archaea;uc_Archaea;uc_Archaea	-_cellular organisms;d_Archaea
k141_128734	2	superkingdom	Bacteria	3	3	2	0.670	uc_Bacteria;uc_Bacteria;uc_Bacteria	-_cellular organisms;d_Bacteria
k141_7085	189775	class	Thermomicrobia	2	2	1	0.500	unknown;Thermomicrobiota;uc_Thermomicrobia	-_cellular organisms;d_Bacteria;-_Terrabacteria group;p_Thermomicrobiota;c_Thermomicrobia
k141_220294	131567	no rank	cellular organisms	3	3	3	1.000	unknown;unknown;unknown	-_cellular organisms
k141_7289	40324	species	Stenotrophomonas maltophilia	2	2	1	0.500	unknown;Pseudomonadota;Xanthomonadaceae	-_cellular organisms;d_Bacteria;p_Pseudomonadota;c_Gammaproteobacteria;o_Xanthomonadales;f_Xanthomonadaceae;g_Stenotrophomonas;-_Stenotrophomonas maltophilia group;s_Stenotrophomonas maltophilia
k141_432748	1224	phylum	Pseudomonadota	1	1	1	1.000	unknown;Pseudomonadota;uc_Pseudomonadota	-_cellular organisms;d_Bacteria;p_Pseudomonadota
k141_402728	243232	strain	Methanocaldococcus jannaschii DSM 2661	2	1	1	1.000	unknown;Euryarchaeota;Methanocaldococcaceae	-_cellular organisms;d_Archaea;p_Euryarchaeota;-_Methanomada group;c_Methanococci;o_Methanococcales;f_Methanocaldococcaceae;g_Methanocaldococcus;s_Methanocaldococcus jannaschii;-_Methanocaldococcus jannaschii DSM 2661
k141_828630	131567	no rank	cellular organisms	1	1	1	1.000	unknown;unknown;unknown	-_cellular organisms
k141_920050	131567	no rank	cellular organisms	2	1	1	1.000	unknown;unknown;unknown	-_cellular organisms
k141_616145	213422	family	Geobacteraceae	2	2	1	0.500	unknown;Pseudomonadota;Geobacteraceae	-_cellular organisms;d_Bacteria;p_Pseudomonadota;-_delta/epsilon subdivisions;c_Deltaproteobacteria;o_Desulfuromonadales;f_Geobacteraceae
k141_160577	3028117	class	Cyanophyceae	1	1	1	1.000	unknown;Cyanobacteriota;uc_Cyanophyceae	-_cellular organisms;d_Bacteria;-_Terrabacteria group;-_Cyanobacteriota/Melainabacteria group;p_Cyanobacteriota;c_Cyanophyceae
k141_95365	131567	no rank	cellular organisms	1	1	1	1.000	unknown;unknown;unknown	-_cellular organisms
k141_460133	32061	class	Chloroflexia	4	4	2	0.500	unknown;Chloroflexota;uc_Chloroflexia	-_cellular organisms;d_Bacteria;-_Terrabacteria group;p_Chloroflexota;c_Chloroflexia
k141_946494	359391	strain	Brucella abortus 2308	2	2	1	0.500	unknown;Pseudomonadota;Brucellaceae	-_cellular organisms;d_Bacteria;p_Pseudomonadota;c_Alphaproteobacteria;o_Hyphomicrobiales;f_Brucellaceae;-_Brucella/Ochrobactrum group;g_Brucella;s_Brucella abortus;-_Brucella abortus 2308
k141_34541	2	superkingdom	Bacteria	3	3	2	0.670	uc_Bacteria;uc_Bacteria;uc_Bacteria	-_cellular organisms;d_Bacteria
k141_95668	0	no rank	unclassified	1	0	0	0.000		
k141_642956	131567	no rank	cellular organisms	1	1	1	1.000	unknown;unknown;unknown	-_cellular organisms
k141_126172	1773	species	Mycobacterium tuberculosis	1	1	1	1.000	unknown;Actinomycetota;Mycobacteriaceae	-_cellular organisms;d_Bacteria;-_Terrabacteria group;p_Actinomycetota;c_Actinomycetes;o_Corynebacteriales;f_Mycobacteriaceae;g_Mycobacterium;-_Mycobacterium tuberculosis complex;s_Mycobacterium tuberculosis
k141_96047	131567	no rank	cellular organisms	2	1	1	1.000	unknown;unknown;unknown	-_cellular organisms
k141_65297	0	no rank	unclassified	1	0	0	0.000		
k141_4758	1783272	clade	Terrabacteria group	1	1	1	1.000	unknown;unknown;unknown	-_cellular organisms;d_Bacteria;-_Terrabacteria group
k141_546559	3028117	class	Cyanophyceae	1	1	1	1.000	unknown;Cyanobacteriota;uc_Cyanophyceae	-_cellular organisms;d_Bacteria;-_Terrabacteria group;-_Cyanobacteriota/Melainabacteria group;p_Cyanobacteriota;c_Cyanophyceae
k141_880718	1224	phylum	Pseudomonadota	1	1	1	1.000	unknown;Pseudomonadota;uc_Pseudomonadota	-_cellular organisms;d_Bacteria;p_Pseudomonadota
k141_699070	335541	strain	Syntrophomonas wolfei subsp. wolfei str. Goettingen G311	2	2	1	0.500	unknown;Bacillota;Syntrophomonadaceae	-_cellular organisms;d_Bacteria;-_Terrabacteria group;p_Bacillota;c_Clostridia;o_Eubacteriales;f_Syntrophomonadaceae;g_Syntrophomonas;s_Syntrophomonas wolfei;-_Syntrophomonas wolfei subsp. wolfei;-_Syntrophomonas wolfei subsp. wolfei str. Goettingen G311
k141_759776	2	superkingdom	Bacteria	1	1	1	1.000	uc_Bacteria;uc_Bacteria;uc_Bacteria	-_cellular organisms;d_Bacteria
k141_546864	543	family	Enterobacteriaceae	1	1	1	1.000	unknown;Pseudomonadota;Enterobacteriaceae	-_cellular organisms;d_Bacteria;p_Pseudomonadota;c_Gammaproteobacteria;o_Enterobacterales;f_Enterobacteriaceae
k141_212510	0	no rank	unclassified	1	0	0	0.000		
k141_364745	2259	family	Thermococcaceae	1	1	1	1.000	unknown;Euryarchaeota;Thermococcaceae	-_cellular organisms;d_Archaea;p_Euryarchaeota;c_Thermococci;o_Thermococcales;f_Thermococcaceae
