k141_74797	269798	strain	Cytophaga hutchinsonii ATCC 33406	1	1	1	1.000	unknown;Bacteroidota;Cytophagaceae	-_cellular organisms;d_Bacteria;-_FCB group;-_Bacteroidetes/Chlorobi group;p_Bacteroidota;c_Cytophagia;o_Cytophagales;f_Cytophagaceae;g_Cytophaga;s_Cytophaga hutchinsonii;-_Cytophaga hutchinsonii ATCC 33406
k141_69257	431943	strain	Clostridium kluyveri DSM 555	1	1	1	1.000	unknown;Bacillota;Clostridiaceae	-_cellular organisms;d_Bacteria;-_Terrabacteria group;p_Bacillota;c_Clostridia;o_Eubacteriales;f_Clostridiaceae;g_Clostridium;s_Clostridium kluyveri;-_Clostridium kluyveri DSM 555
k141_56206	131567	no rank	cellular organisms	1	1	1	1.000	unknown;unknown;unknown	-_cellular organisms
k141_56233	227377	strain	Coxiella burnetii RSA 493	2	2	1	0.500	unknown;Pseudomonadota;Coxiellaceae	-_cellular organisms;d_Bacteria;p_Pseudomonadota;c_Gammaproteobacteria;o_Legionellales;f_Coxiellaceae;g_Coxiella;s_Coxiella burnetii;-_Coxiella burnetii RSA 493
k141_42436	3028117	class	Cyanophyceae	1	1	1	1.000	unknown;Cyanobacteriota;uc_Cyanophyceae	-_cellular organisms;d_Bacteria;-_Terrabacteria group;-_Cyanobacteriota/Melainabacteria group;p_Cyanobacteriota;c_Cyanophyceae
k141_56238	2	superkingdom	Bacteria	1	1	1	1.000	uc_Bacteria;uc_Bacteria;uc_Bacteria	-_cellular organisms;d_Bacteria
k141_74863	269799	strain	Geobacter metallireducens GS-15	1	1	1	1.000	unknown;Pseudomonadota;Geobacteraceae	-_cellular organisms;d_Bacteria;p_Pseudomonadota;-_delta/epsilon subdivisions;c_Deltaproteobacteria;o_Desulfuromonadales;f_Geobacteraceae;g_Geobacter;s_Geobacter metallireducens;-_Geobacter metallireducens GS-15
k141_23265	1314	species	Streptococcus pyogenes	1	1	1	1.000	unknown;Bacillota;Streptococcaceae	-_cellular organisms;d_Bacteria;-_Terrabacteria group;p_Bacillota;c_Bacilli;o_Lactobacillales;f_Streptococcaceae;g_Streptococcus;s_Streptococcus pyogenes
k141_76951	1111708	no rank	Synechocystis sp. PCC 6803 substr. Kazusa	2	2	1	0.500	unknown;Cyanobacteriota;Merismopediaceae	-_cellular organisms;d_Bacteria;-_Terrabacteria group;-_Cyanobacteriota/Melainabacteria group;p_Cyanobacteriota;c_Cyanophyceae;o_Synechococcales;f_Merismopediaceae;g_Synechocystis;-_unclassified Synechocystis;s_Synechocystis sp. PCC 6803;-_Synechocystis sp. PCC 6803 substr. Kazusa
k141_5259	171549	order	Bacteroidales	1	1	1	1.000	unknown;Bacteroidota;uc_Bacteroidales	-_cellular organisms;d_Bacteria;-_FCB group;-_Bacteroidetes/Chlorobi group;p_Bacteroidota;c_Bacteroidia;o_Bacteroidales
k141_67713	171549	order	Bacteroidales	3	2	1	0.960	unknown;Bacteroidota;uc_Bacteroidales	-_cellular organisms;d_Bacteria;-_FCB group;-_Bacteroidetes/Chlorobi group;p_Bacteroidota;c_Bacteroidia;o_Bacteroidales
k141_27616	0	no rank	unclassified	1	0	0	0.000		
k141_70902	83333	strain	Escherichia coli K-12	3	3	3	1.000	unknown;Pseudomonadota;Enterobacteriaceae	-_cellular organisms;d_Bacteria;p_Pseudomonadota;c_Gammaproteobacteria;o_Enterobacterales;f_Enterobacteriaceae;g_Escherichia;s_Escherichia coli;-_Escherichia coli K-12
k141_27626	1236	class	Gammaproteobacteria	1	1	1	1.000	unknown;Pseudomonadota;uc_Gammaproteobacteria	-_cellular organisms;d_Bacteria;p_Pseudomonadota;c_Gammaproteobacteria
k141_54443	264203	strain	Zymomonas mobilis subsp. mobilis ZM4 = ATCC 31821	1	1	1	1.000	unknown;Pseudomonadota;Zymomonadaceae	-_cellular organisms;d_Bacteria;p_Pseudomonadota;c_Alphaproteobacteria;o_Sphingomonadales;f_Zymomonadaceae;g_Zymomonas;s_Zymomonas mobilis;-_Zymomonas mobilis subsp. mobilis;-_Zymomonas mobilis subsp. mobilis ZM4 = ATCC 31821
k141_5812	0	no rank	unclassified	1	0	0	0.000		
k141_67817	2	superkingdom	Bacteria	1	1	1	1.000	uc_Bacteria;uc_Bacteria;uc_Bacteria	-_cellular organisms;d_Bacteria
k141_11521	1224	phylum	Pseudomonadota	1	1	1	1.000	unknown;Pseudomonadota;uc_Pseudomonadota	-_cellular organisms;d_Bacteria;p_Pseudomonadota
k141_14258	3028117	class	Cyanophyceae	1	1	1	1.000	unknown;Cyanobacteriota;uc_Cyanophyceae	-_cellular organisms;d_Bacteria;-_Terrabacteria group;-_Cyanobacteriota/Melainabacteria group;p_Cyanobacteriota;c_Cyanophyceae
k141_67834	204722	strain	Brucella suis 1330	1	1	1	1.000	unknown;Pseudomonadota;Brucellaceae	-_cellular organisms;d_Bacteria;p_Pseudomonadota;c_Alphaproteobacteria;o_Hyphomicrobiales;f_Brucellaceae;-_Brucella/Ochrobactrum group;g_Brucella;s_Brucella suis;-_Brucella suis 1330
k141_73493	246197	strain	Myxococcus xanthus DK 1622	2	2	1	0.500	unknown;Pseudomonadota;Myxococcaceae	-_cellular organisms;d_Bacteria;p_Pseudomonadota;-_delta/epsilon subdivisions;c_Deltaproteobacteria;o_Myxococcales;-_Cystobacterineae;f_Myxococcaceae;g_Myxococcus;s_Myxococcus xanthus;-_Myxococcus xanthus DK 1622
k141_49476	0	no rank	unclassified	1	0	0	0.000		
k141_22422	976	phylum	Bacteroidota	1	1	1	1.000	unknown;Bacteroidota;uc_Bacteroidota	-_cellular organisms;d_Bacteria;-_FCB group;-_Bacteroidetes/Chlorobi group;p_Bacteroidota
k141_71081	49546	family	Flavobacteriaceae	1	1	1	1.000	unknown;Bacteroidota;Flavobacteriaceae	-_cellular organisms;d_Bacteria;-_FCB group;-_Bacteroidetes/Chlorobi group;p_Bacteroidota;c_Flavobacteriia;o_Flavobacteriales;f_Flavobacteriaceae
k141_52262	91061	class	Bacilli	1	1	1	1.000	unknown;Bacillota;uc_Bacilli	-_cellular organisms;d_Bacteria;-_Terrabacteria group;p_Bacillota;c_Bacilli
k141_22454	91061	class	Bacilli	1	1	1	1.000	unknown;Bacillota;uc_Bacilli	-_cellular organisms;d_Bacteria;-_Terrabacteria group;p_Bacillota;c_Bacilli
k141_33281	2	superkingdom	Bacteria	3	3	3	1.000	uc_Bacteria;uc_Bacteria;uc_Bacteria	-_cellular organisms;d_Bacteria
k141_14492	83333	strain	Escherichia coli K-12	1	1	1	1.000	unknown;Pseudomonadota;Enterobacteriaceae	-_cellular organisms;d_Bacteria;p_Pseudomonadota;c_Gammaproteobacteria;o_Enterobacterales;f_Enterobacteriaceae;g_Escherichia;s_Escherichia coli;-_Escherichia coli K-12
k141_11772	49546	family	Flavobacteriaceae	2	2	1	0.500	unknown;Bacteroidota;Flavobacteriaceae	-_cellular organisms;d_Bacteria;-_FCB group;-_Bacteroidetes/Chlorobi group;p_Bacteroidota;c_Flavobacteriia;o_Flavobacteriales;f_Flavobacteriaceae
k141_82001	49546	family	Flavobacteriaceae	1	1	1	1.000	unknown;Bacteroidota;Flavobacteriaceae	-_cellular organisms;d_Bacteria;-_FCB group;-_Bacteroidetes/Chlorobi group;p_Bacteroidota;c_Flavobacteriia;o_Flavobacteriales;f_Flavobacteriaceae
k141_1093	0	no rank	unclassified	1	0	0	0.000		
k141_41288	2	superkingdom	Bacteria	1	1	1	1.000	uc_Bacteria;uc_Bacteria;uc_Bacteria	-_cellular organisms;d_Bacteria
k141_16955	1224	phylum	Pseudomonadota	1	1	1	1.000	unknown;Pseudomonadota;uc_Pseudomonadota	-_cellular organisms;d_Bacteria;p_Pseudomonadota
k141_84922	0	no rank	unclassified	1	0	0	0.000		
k141_60437	224911	strain	Bradyrhizobium diazoefficiens USDA 110	1	1	1	1.000	unknown;Pseudomonadota;Nitrobacteraceae	-_cellular organisms;d_Bacteria;p_Pseudomonadota;c_Alphaproteobacteria;o_Hyphomicrobiales;f_Nitrobacteraceae;g_Bradyrhizobium;s_Bradyrhizobium diazoefficiens;-_Bradyrhizobium diazoefficiens USDA 110
k141_25249	976	phylum	Bacteroidota	1	1	1	1.000	unknown;Bacteroidota;uc_Bacteroidota	-_cellular organisms;d_Bacteria;-_FCB group;-_Bacteroidetes/Chlorobi group;p_Bacteroidota
k141_22633	2	superkingdom	Bacteria	1	1	1	1.000	uc_Bacteria;uc_Bacteria;uc_Bacteria	-_cellular organisms;d_Bacteria
k141_71221	976	phylum	Bacteroidota	2	2	2	1.000	unknown;Bacteroidota;uc_Bacteroidota	-_cellular organisms;d_Bacteria;-_FCB group;-_Bacteroidetes/Chlorobi group;p_Bacteroidota
k141_82089	376686	strain	Flavobacterium johnsoniae UW101	1	1	1	1.000	unknown;Bacteroidota;Flavobacteriaceae	-_cellular organisms;d_Bacteria;-_FCB group;-_Bacteroidetes/Chlorobi group;p_Bacteroidota;c_Flavobacteriia;o_Flavobacteriales;f_Flavobacteriaceae;g_Flavobacterium;s_Flavobacterium johnsoniae;-_Flavobacterium johnsoniae UW101
k141_8990	1783272	clade	Terrabacteria group	1	1	1	1.000	unknown;unknown;unknown	-_cellular organisms;d_Bacteria;-_Terrabacteria group
k141_83231	0	no rank	unclassified	1	0	0	0.000		
k141_32280	226186	strain	Bacteroides thetaiotaomicron VPI-5482	1	1	1	1.000	unknown;Bacteroidota;Bacteroidaceae	-_cellular organisms;d_Bacteria;-_FCB group;-_Bacteroidetes/Chlorobi group;p_Bacteroidota;c_Bacteroidia;o_Bacteroidales;f_Bacteroidaceae;g_Bacteroides;s_Bacteroides thetaiotaomicron;-_Bacteroides thetaiotaomicron VPI-5482
k141_10335	186817	family	Bacillaceae	1	1	1	1.000	unknown;Bacillota;Bacillaceae	-_cellular organisms;d_Bacteria;-_Terrabacteria group;p_Bacillota;c_Bacilli;o_Bacillales;f_Bacillaceae
k141_51001	224308	strain	Bacillus subtilis subsp. subtilis str. 168	1	1	1	1.000	unknown;Bacillota;Bacillaceae	-_cellular organisms;d_Bacteria;-_Terrabacteria group;p_Bacillota;c_Bacilli;o_Bacillales;f_Bacillaceae;g_Bacillus;-_Bacillus subtilis group;s_Bacillus subtilis;-_Bacillus subtilis subsp. subtilis;-_Bacillus subtilis subsp. subtilis str. 168
k141_69965	1224	phylum	Pseudomonadota	3	3	2	0.510	unknown;Pseudomonadota;uc_Pseudomonadota	-_cellular organisms;d_Bacteria;p_Pseudomonadota
k141_75474	171549	order	Bacteroidales	2	2	1	0.500	unknown;Bacteroidota;uc_Bacteroidales	-_cellular organisms;d_Bacteria;-_FCB group;-_Bacteroidetes/Chlorobi group;p_Bacteroidota;c_Bacteroidia;o_Bacteroidales
k141_43076	28211	class	Alphaproteobacteria	1	1	1	1.000	unknown;Pseudomonadota;uc_Alphaproteobacteria	-_cellular organisms;d_Bacteria;p_Pseudomonadota;c_Alphaproteobacteria
k141_70043	0	no rank	unclassified	1	0	0	0.000		
k141_7754	2759	superkingdom	Eukaryota	1	1	1	1.000	uc_Eukaryota;uc_Eukaryota;uc_Eukaryota	-_cellular organisms;d_Eukaryota
k141_64112	235909	strain	Geobacillus kaustophilus HTA426	2	2	1	0.500	unknown;Bacillota;Bacillaceae	-_cellular organisms;d_Bacteria;-_Terrabacteria group;p_Bacillota;c_Bacilli;o_Bacillales;f_Bacillaceae;g_Geobacillus;-_Geobacillus thermoleovorans group;s_Geobacillus kaustophilus;-_Geobacillus kaustophilus HTA426
k141_58439	7147	order	Diptera	1	1	1	1.000	Metazoa;Arthropoda;uc_Diptera	-_cellular organisms;d_Eukaryota;-_Opisthokonta;k_Metazoa;-_Eumetazoa;-_Bilateria;-_Protostomia;-_Ecdysozoa;-_Panarthropoda;p_Arthropoda;-_Mandibulata;-_Pancrustacea;-_Hexapoda;c_Insecta;-_Dicondylia;-_Pterygota;-_Neoptera;-_Endopterygota;o_Diptera
k141_43158	171549	order	Bacteroidales	1	1	1	1.000	unknown;Bacteroidota;uc_Bacteroidales	-_cellular organisms;d_Bacteria;-_FCB group;-_Bacteroidetes/Chlorobi group;p_Bacteroidota;c_Bacteroidia;o_Bacteroidales
k141_64147	224308	strain	Bacillus subtilis subsp. subtilis str. 168	1	1	1	1.000	unknown;Bacillota;Bacillaceae	-_cellular organisms;d_Bacteria;-_Terrabacteria group;p_Bacillota;c_Bacilli;o_Bacillales;f_Bacillaceae;g_Bacillus;-_Bacillus subtilis group;s_Bacillus subtilis;-_Bacillus subtilis subsp. subtilis;-_Bacillus subtilis subsp. subtilis str. 168
k141_7842	1783272	clade	Terrabacteria group	1	1	1	1.000	unknown;unknown;unknown	-_cellular organisms;d_Bacteria;-_Terrabacteria group
k141_84322	1236	class	Gammaproteobacteria	2	2	1	0.500	unknown;Pseudomonadota;uc_Gammaproteobacteria	-_cellular organisms;d_Bacteria;p_Pseudomonadota;c_Gammaproteobacteria
k141_43733	234267	isolate	Candidatus Solibacter usitatus Ellin6076	1	1	1	1.000	unknown;Acidobacteriota;Solibacteraceae	-_cellular organisms;d_Bacteria;p_Acidobacteriota;c_Terriglobia;o_Bryobacterales;f_Solibacteraceae;g_Candidatus Solibacter;s_Candidatus Solibacter usitatus;-_Candidatus Solibacter usitatus Ellin6076
k141_27469	2	superkingdom	Bacteria	1	1	1	1.000	uc_Bacteria;uc_Bacteria;uc_Bacteria	-_cellular organisms;d_Bacteria
k141_32885	224308	strain	Bacillus subtilis subsp. subtilis str. 168	1	1	1	1.000	unknown;Bacillota;Bacillaceae	-_cellular organisms;d_Bacteria;-_Terrabacteria group;p_Bacillota;c_Bacilli;o_Bacillales;f_Bacillaceae;g_Bacillus;-_Bacillus subtilis group;s_Bacillus subtilis;-_Bacillus subtilis subsp. subtilis;-_Bacillus subtilis subsp. subtilis str. 168
k141_11363	2	superkingdom	Bacteria	2	2	2	1.000	uc_Bacteria;uc_Bacteria;uc_Bacteria	-_cellular organisms;d_Bacteria
k141_14081	0	no rank	unclassified	1	0	0	0.000		
k141_49277	2	superkingdom	Bacteria	1	1	1	1.000	uc_Bacteria;uc_Bacteria;uc_Bacteria	-_cellular organisms;d_Bacteria
k141_49284	2	superkingdom	Bacteria	1	1	1	1.000	uc_Bacteria;uc_Bacteria;uc_Bacteria	-_cellular organisms;d_Bacteria
k141_51868	83333	strain	Escherichia coli K-12	1	1	1	1.000	unknown;Pseudomonadota;Enterobacteriaceae	-_cellular organisms;d_Bacteria;p_Pseudomonadota;c_Gammaproteobacteria;o_Enterobacterales;f_Enterobacteriaceae;g_Escherichia;s_Escherichia coli;-_Escherichia coli K-12
k141_5769	2	superkingdom	Bacteria	1	1	1	1.000	uc_Bacteria;uc_Bacteria;uc_Bacteria	-_cellular organisms;d_Bacteria
k141_38008	171	genus	Leptospira	1	1	1	1.000	unknown;Spirochaetota;Leptospiraceae	-_cellular organisms;d_Bacteria;p_Spirochaetota;c_Spirochaetia;o_Leptospirales;f_Leptospiraceae;g_Leptospira
k141_51615	273068	strain	Caldanaerobacter subterraneus subsp. tengcongensis MB4	1	1	1	1.000	unknown;Bacillota;Thermoanaerobacteraceae	-_cellular organisms;d_Bacteria;-_Terrabacteria group;p_Bacillota;c_Clostridia;o_Thermoanaerobacterales;f_Thermoanaerobacteraceae;g_Caldanaerobacter;s_Caldanaerobacter subterraneus;-_Caldanaerobacter subterraneus subsp. tengcongensis;-_Caldanaerobacter subterraneus subsp. tengcongensis MB4
k141_46142	1236	class	Gammaproteobacteria	1	1	1	1.000	unknown;Pseudomonadota;uc_Gammaproteobacteria	-_cellular organisms;d_Bacteria;p_Pseudomonadota;c_Gammaproteobacteria
k141_54215	2	superkingdom	Bacteria	1	1	1	1.000	uc_Bacteria;uc_Bacteria;uc_Bacteria	-_cellular organisms;d_Bacteria
k141_51651	269798	strain	Cytophaga hutchinsonii ATCC 33406	1	1	1	1.000	unknown;Bacteroidota;Cytophagaceae	-_cellular organisms;d_Bacteria;-_FCB group;-_Bacteroidetes/Chlorobi group;p_Bacteroidota;c_Cytophagia;o_Cytophagales;f_Cytophagaceae;g_Cytophaga;s_Cytophaga hutchinsonii;-_Cytophaga hutchinsonii ATCC 33406
k141_13906	53246	genus	Pseudoalteromonas	1	1	1	1.000	unknown;Pseudomonadota;Pseudoalteromonadaceae	-_cellular organisms;d_Bacteria;p_Pseudomonadota;c_Gammaproteobacteria;o_Alteromonadales;f_Pseudoalteromonadaceae;g_Pseudoalteromonas
k141_32701	242619	strain	Porphyromonas gingivalis W83	2	2	1	0.500	unknown;Bacteroidota;Porphyromonadaceae	-_cellular organisms;d_Bacteria;-_FCB group;-_Bacteroidetes/Chlorobi group;p_Bacteroidota;c_Bacteroidia;o_Bacteroidales;f_Porphyromonadaceae;g_Porphyromonas;s_Porphyromonas gingivalis;-_Porphyromonas gingivalis W83
k141_11215	224308	strain	Bacillus subtilis subsp. subtilis str. 168	2	2	1	0.500	unknown;Bacillota;Bacillaceae	-_cellular organisms;d_Bacteria;-_Terrabacteria group;p_Bacillota;c_Bacilli;o_Bacillales;f_Bacillaceae;g_Bacillus;-_Bacillus subtilis group;s_Bacillus subtilis;-_Bacillus subtilis subsp. subtilis;-_Bacillus subtilis subsp. subtilis str. 168
k141_49038	269798	strain	Cytophaga hutchinsonii ATCC 33406	1	1	1	1.000	unknown;Bacteroidota;Cytophagaceae	-_cellular organisms;d_Bacteria;-_FCB group;-_Bacteroidetes/Chlorobi group;p_Bacteroidota;c_Cytophagia;o_Cytophagales;f_Cytophagaceae;g_Cytophaga;s_Cytophaga hutchinsonii;-_Cytophaga hutchinsonii ATCC 33406
k141_43588	131567	no rank	cellular organisms	1	1	1	1.000	unknown;unknown;unknown	-_cellular organisms
k141_74130	269798	strain	Cytophaga hutchinsonii ATCC 33406	1	1	1	1.000	unknown;Bacteroidota;Cytophagaceae	-_cellular organisms;d_Bacteria;-_FCB group;-_Bacteroidetes/Chlorobi group;p_Bacteroidota;c_Cytophagia;o_Cytophagales;f_Cytophagaceae;g_Cytophaga;s_Cytophaga hutchinsonii;-_Cytophaga hutchinsonii ATCC 33406
k141_79879	131567	no rank	cellular organisms	2	2	2	1.000	unknown;unknown;unknown	-_cellular organisms
k141_68623	131567	no rank	cellular organisms	1	1	1	1.000	unknown;unknown;unknown	-_cellular organisms
k141_79896	2	superkingdom	Bacteria	1	1	1	1.000	uc_Bacteria;uc_Bacteria;uc_Bacteria	-_cellular organisms;d_Bacteria
k141_79904	2	superkingdom	Bacteria	1	1	1	1.000	uc_Bacteria;uc_Bacteria;uc_Bacteria	-_cellular organisms;d_Bacteria
k141_41802	49546	family	Flavobacteriaceae	1	1	1	1.000	unknown;Bacteroidota;Flavobacteriaceae	-_cellular organisms;d_Bacteria;-_FCB group;-_Bacteroidetes/Chlorobi group;p_Bacteroidota;c_Flavobacteriia;o_Flavobacteriales;f_Flavobacteriaceae
k141_20477	224911	strain	Bradyrhizobium diazoefficiens USDA 110	2	2	1	0.500	unknown;Pseudomonadota;Nitrobacteraceae	-_cellular organisms;d_Bacteria;p_Pseudomonadota;c_Alphaproteobacteria;o_Hyphomicrobiales;f_Nitrobacteraceae;g_Bradyrhizobium;s_Bradyrhizobium diazoefficiens;-_Bradyrhizobium diazoefficiens USDA 110
k141_57523	3028117	class	Cyanophyceae	1	1	1	1.000	unknown;Cyanobacteriota;uc_Cyanophyceae	-_cellular organisms;d_Bacteria;-_Terrabacteria group;-_Cyanobacteriota/Melainabacteria group;p_Cyanobacteriota;c_Cyanophyceae
k141_12274	171549	order	Bacteroidales	1	1	1	1.000	unknown;Bacteroidota;uc_Bacteroidales	-_cellular organisms;d_Bacteria;-_FCB group;-_Bacteroidetes/Chlorobi group;p_Bacteroidota;c_Bacteroidia;o_Bacteroidales
k141_76481	976	phylum	Bacteroidota	1	1	1	1.000	unknown;Bacteroidota;uc_Bacteroidota	-_cellular organisms;d_Bacteria;-_FCB group;-_Bacteroidetes/Chlorobi group;p_Bacteroidota
k141_22697	309807	strain	Salinibacter ruber DSM 13855	2	2	1	0.500	unknown;Bacteroidota;Rhodothermaceae	-_cellular organisms;d_Bacteria;-_FCB group;-_Bacteroidetes/Chlorobi group;p_Bacteroidota;-_Bacteroidetes incertae sedis;f_Rhodothermaceae;g_Salinibacter;s_Salinibacter ruber;-_Salinibacter ruber DSM 13855
k141_49756	44689	species	Dictyostelium discoideum	1	1	1	1.000	unknown;Evosea;Dictyosteliaceae	-_cellular organisms;d_Eukaryota;-_Amoebozoa;p_Evosea;c_Eumycetozoa;-_Dictyostelia;o_Dictyosteliales;f_Dictyosteliaceae;g_Dictyostelium;s_Dictyostelium discoideum
k141_14800	1236	class	Gammaproteobacteria	2	2	1	0.500	unknown;Pseudomonadota;uc_Gammaproteobacteria	-_cellular organisms;d_Bacteria;p_Pseudomonadota;c_Gammaproteobacteria
k141_25415	131567	no rank	cellular organisms	1	1	1	1.000	unknown;unknown;unknown	-_cellular organisms
k141_14811	171549	order	Bacteroidales	1	1	1	1.000	unknown;Bacteroidota;uc_Bacteroidales	-_cellular organisms;d_Bacteria;-_FCB group;-_Bacteroidetes/Chlorobi group;p_Bacteroidota;c_Bacteroidia;o_Bacteroidales
k141_76122	2759	superkingdom	Eukaryota	1	1	1	1.000	uc_Eukaryota;uc_Eukaryota;uc_Eukaryota	-_cellular organisms;d_Eukaryota
k141_31200	3702	species	Arabidopsis thaliana	1	1	1	1.000	Viridiplantae;Streptophyta;Brassicaceae	-_cellular organisms;d_Eukaryota;k_Viridiplantae;p_Streptophyta;-_Streptophytina;-_Embryophyta;-_Tracheophyta;-_Euphyllophyta;-_Spermatophyta;c_Magnoliopsida;-_Mesangiospermae;-_eudicotyledons;-_Gunneridae;-_Pentapetalae;-_rosids;-_malvids;o_Brassicales;f_Brassicaceae;-_Camelineae;g_Arabidopsis;s_Arabidopsis thaliana
k141_62570	2	superkingdom	Bacteria	3	3	2	0.670	uc_Bacteria;uc_Bacteria;uc_Bacteria	-_cellular organisms;d_Bacteria
k141_44383	83333	strain	Escherichia coli K-12	1	1	1	1.000	unknown;Pseudomonadota;Enterobacteriaceae	-_cellular organisms;d_Bacteria;p_Pseudomonadota;c_Gammaproteobacteria;o_Enterobacterales;f_Enterobacteriaceae;g_Escherichia;s_Escherichia coli;-_Escherichia coli K-12
k141_52761	194439	strain	Chlorobaculum tepidum TLS	1	1	1	1.000	unknown;Chlorobiota;Chlorobiaceae	-_cellular organisms;d_Bacteria;-_FCB group;-_Bacteroidetes/Chlorobi group;p_Chlorobiota;c_Chlorobiia;o_Chlorobiales;f_Chlorobiaceae;g_Chlorobaculum;s_Chlorobaculum tepidum;-_Chlorobaculum tepidum TLS
k141_55941	1224	phylum	Pseudomonadota	1	1	1	1.000	unknown;Pseudomonadota;uc_Pseudomonadota	-_cellular organisms;d_Bacteria;p_Pseudomonadota
k141_12760	1517683	species	Chryseobacterium sp. P1-3	1	1	1	1.000	unknown;Bacteroidota;Weeksellaceae	-_cellular organisms;d_Bacteria;-_FCB group;-_Bacteroidetes/Chlorobi group;p_Bacteroidota;c_Flavobacteriia;o_Flavobacteriales;f_Weeksellaceae;-_Chryseobacterium group;g_Chryseobacterium;-_unclassified Chryseobacterium;s_Chryseobacterium sp. P1-3
k141_23072	269798	strain	Cytophaga hutchinsonii ATCC 33406	2	2	1	0.500	unknown;Bacteroidota;Cytophagaceae	-_cellular organisms;d_Bacteria;-_FCB group;-_Bacteroidetes/Chlorobi group;p_Bacteroidota;c_Cytophagia;o_Cytophagales;f_Cytophagaceae;g_Cytophaga;s_Cytophaga hutchinsonii;-_Cytophaga hutchinsonii ATCC 33406
k141_4983	976	phylum	Bacteroidota	2	2	2	1.000	unknown;Bacteroidota;uc_Bacteroidota	-_cellular organisms;d_Bacteria;-_FCB group;-_Bacteroidetes/Chlorobi group;p_Bacteroidota
k141_42306	1236	class	Gammaproteobacteria	1	1	1	1.000	unknown;Pseudomonadota;uc_Gammaproteobacteria	-_cellular organisms;d_Bacteria;p_Pseudomonadota;c_Gammaproteobacteria
k141_7046	1763	genus	Mycobacterium	1	1	1	1.000	unknown;Actinomycetota;Mycobacteriaceae	-_cellular organisms;d_Bacteria;-_Terrabacteria group;p_Actinomycetota;c_Actinomycetes;o_Corynebacteriales;f_Mycobacteriaceae;g_Mycobacterium
k141_56037	186817	family	Bacillaceae	2	2	1	0.910	unknown;Bacillota;Bacillaceae	-_cellular organisms;d_Bacteria;-_Terrabacteria group;p_Bacillota;c_Bacilli;o_Bacillales;f_Bacillaceae
k141_56041	2759	superkingdom	Eukaryota	1	1	1	1.000	uc_Eukaryota;uc_Eukaryota;uc_Eukaryota	-_cellular organisms;d_Eukaryota
k141_72246	171549	order	Bacteroidales	2	2	1	0.500	unknown;Bacteroidota;uc_Bacteroidales	-_cellular organisms;d_Bacteria;-_FCB group;-_Bacteroidetes/Chlorobi group;p_Bacteroidota;c_Bacteroidia;o_Bacteroidales
k141_7180	1236	class	Gammaproteobacteria	1	1	1	1.000	unknown;Pseudomonadota;uc_Gammaproteobacteria	-_cellular organisms;d_Bacteria;p_Pseudomonadota;c_Gammaproteobacteria
k141_65004	0	no rank	unclassified	1	0	0	0.000		
k141_13675	136	order	Spirochaetales	2	2	1	0.500	unknown;Spirochaetota;uc_Spirochaetales	-_cellular organisms;d_Bacteria;p_Spirochaetota;c_Spirochaetia;o_Spirochaetales
k141_296	2759	superkingdom	Eukaryota	1	1	1	1.000	uc_Eukaryota;uc_Eukaryota;uc_Eukaryota	-_cellular organisms;d_Eukaryota
k141_83942	224308	strain	Bacillus subtilis subsp. subtilis str. 168	4	4	2	0.500	unknown;Bacillota;Bacillaceae	-_cellular organisms;d_Bacteria;-_Terrabacteria group;p_Bacillota;c_Bacilli;o_Bacillales;f_Bacillaceae;g_Bacillus;-_Bacillus subtilis group;s_Bacillus subtilis;-_Bacillus subtilis subsp. subtilis;-_Bacillus subtilis subsp. subtilis str. 168
k141_27124	976	phylum	Bacteroidota	2	2	1	0.500	unknown;Bacteroidota;uc_Bacteroidota	-_cellular organisms;d_Bacteria;-_FCB group;-_Bacteroidetes/Chlorobi group;p_Bacteroidota
k141_11049	131567	no rank	cellular organisms	1	1	1	1.000	unknown;unknown;unknown	-_cellular organisms
k141_83989	226186	strain	Bacteroides thetaiotaomicron VPI-5482	1	1	1	1.000	unknown;Bacteroidota;Bacteroidaceae	-_cellular organisms;d_Bacteria;-_FCB group;-_Bacteroidetes/Chlorobi group;p_Bacteroidota;c_Bacteroidia;o_Bacteroidales;f_Bacteroidaceae;g_Bacteroides;s_Bacteroides thetaiotaomicron;-_Bacteroides thetaiotaomicron VPI-5482
k141_75877	33213	clade	Bilateria	1	1	1	1.000	Metazoa;unknown;unknown	-_cellular organisms;d_Eukaryota;-_Opisthokonta;k_Metazoa;-_Eumetazoa;-_Bilateria
k141_30029	1385	order	Bacillales	2	2	2	1.000	unknown;Bacillota;uc_Bacillales	-_cellular organisms;d_Bacteria;-_Terrabacteria group;p_Bacillota;c_Bacilli;o_Bacillales
k141_81266	2	superkingdom	Bacteria	1	1	1	1.000	uc_Bacteria;uc_Bacteria;uc_Bacteria	-_cellular organisms;d_Bacteria
k141_56972	171549	order	Bacteroidales	2	2	1	0.500	unknown;Bacteroidota;uc_Bacteroidales	-_cellular organisms;d_Bacteria;-_FCB group;-_Bacteroidetes/Chlorobi group;p_Bacteroidota;c_Bacteroidia;o_Bacteroidales
k141_59872	171549	order	Bacteroidales	1	1	1	1.000	unknown;Bacteroidota;uc_Bacteroidales	-_cellular organisms;d_Bacteria;-_FCB group;-_Bacteroidetes/Chlorobi group;p_Bacteroidota;c_Bacteroidia;o_Bacteroidales
k141_79487	1347342	strain	Formosa agariphila KMM 3901	1	1	1	1.000	unknown;Bacteroidota;Flavobacteriaceae	-_cellular organisms;d_Bacteria;-_FCB group;-_Bacteroidetes/Chlorobi group;p_Bacteroidota;c_Flavobacteriia;o_Flavobacteriales;f_Flavobacteriaceae;g_Formosa;s_Formosa agariphila;-_Formosa agariphila KMM 3901
k141_49707	2759	superkingdom	Eukaryota	1	1	1	1.000	uc_Eukaryota;uc_Eukaryota;uc_Eukaryota	-_cellular organisms;d_Eukaryota
k141_52530	1773	species	Mycobacterium tuberculosis	1	1	1	1.000	unknown;Actinomycetota;Mycobacteriaceae	-_cellular organisms;d_Bacteria;-_Terrabacteria group;p_Actinomycetota;c_Actinomycetes;o_Corynebacteriales;f_Mycobacteriaceae;g_Mycobacterium;-_Mycobacterium tuberculosis complex;s_Mycobacterium tuberculosis
k141_31021	131567	no rank	cellular organisms	1	1	1	1.000	unknown;unknown;unknown	-_cellular organisms
k141_20018	295405	strain	Bacteroides fragilis YCH46	2	1	1	1.000	unknown;Bacteroidota;Bacteroidaceae	-_cellular organisms;d_Bacteria;-_FCB group;-_Bacteroidetes/Chlorobi group;p_Bacteroidota;c_Bacteroidia;o_Bacteroidales;f_Bacteroidaceae;g_Bacteroides;s_Bacteroides fragilis;-_Bacteroides fragilis YCH46
k141_17157	33154	clade	Opisthokonta	2	2	1	0.500	unknown;unknown;unknown	-_cellular organisms;d_Eukaryota;-_Opisthokonta
k141_6350	562	species	Escherichia coli	1	1	1	1.000	unknown;Pseudomonadota;Enterobacteriaceae	-_cellular organisms;d_Bacteria;p_Pseudomonadota;c_Gammaproteobacteria;o_Enterobacterales;f_Enterobacteriaceae;g_Escherichia;s_Escherichia coli
k141_20085	976	phylum	Bacteroidota	2	2	1	0.960	unknown;Bacteroidota;uc_Bacteroidota	-_cellular organisms;d_Bacteria;-_FCB group;-_Bacteroidetes/Chlorobi group;p_Bacteroidota
k141_23592	2	superkingdom	Bacteria	1	1	1	1.000	uc_Bacteria;uc_Bacteria;uc_Bacteria	-_cellular organisms;d_Bacteria
k141_53936	1111708	no rank	Synechocystis sp. PCC 6803 substr. Kazusa	1	1	1	1.000	unknown;Cyanobacteriota;Merismopediaceae	-_cellular organisms;d_Bacteria;-_Terrabacteria group;-_Cyanobacteriota/Melainabacteria group;p_Cyanobacteriota;c_Cyanophyceae;o_Synechococcales;f_Merismopediaceae;g_Synechocystis;-_unclassified Synechocystis;s_Synechocystis sp. PCC 6803;-_Synechocystis sp. PCC 6803 substr. Kazusa
k141_7552	91061	class	Bacilli	2	2	1	0.500	unknown;Bacillota;uc_Bacilli	-_cellular organisms;d_Bacteria;-_Terrabacteria group;p_Bacillota;c_Bacilli
k141_83464	171549	order	Bacteroidales	2	2	1	0.500	unknown;Bacteroidota;uc_Bacteroidales	-_cellular organisms;d_Bacteria;-_FCB group;-_Bacteroidetes/Chlorobi group;p_Bacteroidota;c_Bacteroidia;o_Bacteroidales
k141_23612	2	superkingdom	Bacteria	3	3	3	1.000	uc_Bacteria;uc_Bacteria;uc_Bacteria	-_cellular organisms;d_Bacteria
k141_69663	402612	strain	Flavobacterium psychrophilum JIP02/86	1	1	1	1.000	unknown;Bacteroidota;Flavobacteriaceae	-_cellular organisms;d_Bacteria;-_FCB group;-_Bacteroidetes/Chlorobi group;p_Bacteroidota;c_Flavobacteriia;o_Flavobacteriales;f_Flavobacteriaceae;g_Flavobacterium;s_Flavobacterium psychrophilum;-_Flavobacterium psychrophilum JIP02/86
k141_72567	2	superkingdom	Bacteria	1	1	1	1.000	uc_Bacteria;uc_Bacteria;uc_Bacteria	-_cellular organisms;d_Bacteria
k141_75225	117571	clade	Euteleostomi	2	2	1	0.500	Metazoa;Chordata;unknown	-_cellular organisms;d_Eukaryota;-_Opisthokonta;k_Metazoa;-_Eumetazoa;-_Bilateria;-_Deuterostomia;p_Chordata;-_Craniata;-_Vertebrata;-_Gnathostomata;-_Teleostomi;-_Euteleostomi
k141_13389	2	superkingdom	Bacteria	1	1	1	1.000	uc_Bacteria;uc_Bacteria;uc_Bacteria	-_cellular organisms;d_Bacteria
k141_34955	976	phylum	Bacteroidota	1	1	1	1.000	unknown;Bacteroidota;uc_Bacteroidota	-_cellular organisms;d_Bacteria;-_FCB group;-_Bacteroidetes/Chlorobi group;p_Bacteroidota
k141_83799	49546	family	Flavobacteriaceae	2	2	1	0.500	unknown;Bacteroidota;Flavobacteriaceae	-_cellular organisms;d_Bacteria;-_FCB group;-_Bacteroidetes/Chlorobi group;p_Bacteroidota;c_Flavobacteriia;o_Flavobacteriales;f_Flavobacteriaceae
k141_10884	237	genus	Flavobacterium	2	1	1	1.000	unknown;Bacteroidota;Flavobacteriaceae	-_cellular organisms;d_Bacteria;-_FCB group;-_Bacteroidetes/Chlorobi group;p_Bacteroidota;c_Flavobacteriia;o_Flavobacteriales;f_Flavobacteriaceae;g_Flavobacterium
k141_13605	194439	strain	Chlorobaculum tepidum TLS	1	1	1	1.000	unknown;Chlorobiota;Chlorobiaceae	-_cellular organisms;d_Bacteria;-_FCB group;-_Bacteroidetes/Chlorobi group;p_Chlorobiota;c_Chlorobiia;o_Chlorobiales;f_Chlorobiaceae;g_Chlorobaculum;s_Chlorobaculum tepidum;-_Chlorobaculum tepidum TLS
k141_16364	83333	strain	Escherichia coli K-12	2	2	1	0.500	unknown;Pseudomonadota;Enterobacteriaceae	-_cellular organisms;d_Bacteria;p_Pseudomonadota;c_Gammaproteobacteria;o_Enterobacterales;f_Enterobacteriaceae;g_Escherichia;s_Escherichia coli;-_Escherichia coli K-12
k141_13622	171549	order	Bacteroidales	2	2	1	0.500	unknown;Bacteroidota;uc_Bacteroidales	-_cellular organisms;d_Bacteria;-_FCB group;-_Bacteroidetes/Chlorobi group;p_Bacteroidota;c_Bacteroidia;o_Bacteroidales
k141_56829	131567	no rank	cellular organisms	1	1	1	1.000	unknown;unknown;unknown	-_cellular organisms
k141_2906	0	no rank	unclassified	1	0	0	0.000		
k141_40629	976	phylum	Bacteroidota	1	1	1	1.000	unknown;Bacteroidota;uc_Bacteroidota	-_cellular organisms;d_Bacteria;-_FCB group;-_Bacteroidetes/Chlorobi group;p_Bacteroidota
k141_278	2	superkingdom	Bacteria	2	2	1	0.500	uc_Bacteria;uc_Bacteria;uc_Bacteria	-_cellular organisms;d_Bacteria
k141_10962	269798	strain	Cytophaga hutchinsonii ATCC 33406	2	2	1	0.500	unknown;Bacteroidota;Cytophagaceae	-_cellular organisms;d_Bacteria;-_FCB group;-_Bacteroidetes/Chlorobi group;p_Bacteroidota;c_Cytophagia;o_Cytophagales;f_Cytophagaceae;g_Cytophaga;s_Cytophaga hutchinsonii;-_Cytophaga hutchinsonii ATCC 33406
k141_3775	976	phylum	Bacteroidota	2	1	1	1.000	unknown;Bacteroidota;uc_Bacteroidota	-_cellular organisms;d_Bacteria;-_FCB group;-_Bacteroidetes/Chlorobi group;p_Bacteroidota
k141_68149	224308	strain	Bacillus subtilis subsp. subtilis str. 168	1	1	1	1.000	unknown;Bacillota;Bacillaceae	-_cellular organisms;d_Bacteria;-_Terrabacteria group;p_Bacillota;c_Bacilli;o_Bacillales;f_Bacillaceae;g_Bacillus;-_Bacillus subtilis group;s_Bacillus subtilis;-_Bacillus subtilis subsp. subtilis;-_Bacillus subtilis subsp. subtilis str. 168
k141_25312	131567	no rank	cellular organisms	1	1	1	1.000	unknown;unknown;unknown	-_cellular organisms
k141_52484	224308	strain	Bacillus subtilis subsp. subtilis str. 168	1	1	1	1.000	unknown;Bacillota;Bacillaceae	-_cellular organisms;d_Bacteria;-_Terrabacteria group;p_Bacillota;c_Bacilli;o_Bacillales;f_Bacillaceae;g_Bacillus;-_Bacillus subtilis group;s_Bacillus subtilis;-_Bacillus subtilis subsp. subtilis;-_Bacillus subtilis subsp. subtilis str. 168
k141_33463	131567	no rank	cellular organisms	1	1	1	1.000	unknown;unknown;unknown	-_cellular organisms
k141_62460	83333	strain	Escherichia coli K-12	1	1	1	1.000	unknown;Pseudomonadota;Enterobacteriaceae	-_cellular organisms;d_Bacteria;p_Pseudomonadota;c_Gammaproteobacteria;o_Enterobacterales;f_Enterobacteriaceae;g_Escherichia;s_Escherichia coli;-_Escherichia coli K-12
k141_77087	1224	phylum	Pseudomonadota	3	3	2	0.520	unknown;Pseudomonadota;uc_Pseudomonadota	-_cellular organisms;d_Bacteria;p_Pseudomonadota
k141_29374	1239	phylum	Bacillota	4	4	2	0.500	unknown;Bacillota;uc_Bacillota	-_cellular organisms;d_Bacteria;-_Terrabacteria group;p_Bacillota
k141_34756	411154	strain	Gramella forsetii KT0803	1	1	1	1.000	unknown;Bacteroidota;Flavobacteriaceae	-_cellular organisms;d_Bacteria;-_FCB group;-_Bacteroidetes/Chlorobi group;p_Bacteroidota;c_Flavobacteriia;o_Flavobacteriales;f_Flavobacteriaceae;g_Gramella;s_Gramella forsetii;-_Gramella forsetii KT0803
k141_56418	1224	phylum	Pseudomonadota	2	2	1	0.500	unknown;Pseudomonadota;uc_Pseudomonadota	-_cellular organisms;d_Bacteria;p_Pseudomonadota
k141_31229	3028117	class	Cyanophyceae	1	1	1	1.000	unknown;Cyanobacteriota;uc_Cyanophyceae	-_cellular organisms;d_Bacteria;-_Terrabacteria group;-_Cyanobacteriota/Melainabacteria group;p_Cyanobacteriota;c_Cyanophyceae
k141_44403	976	phylum	Bacteroidota	2	2	2	1.000	unknown;Bacteroidota;uc_Bacteroidota	-_cellular organisms;d_Bacteria;-_FCB group;-_Bacteroidetes/Chlorobi group;p_Bacteroidota
k141_44423	171549	order	Bacteroidales	1	1	1	1.000	unknown;Bacteroidota;uc_Bacteroidales	-_cellular organisms;d_Bacteria;-_FCB group;-_Bacteroidetes/Chlorobi group;p_Bacteroidota;c_Bacteroidia;o_Bacteroidales
k141_28348	2	superkingdom	Bacteria	1	1	1	1.000	uc_Bacteria;uc_Bacteria;uc_Bacteria	-_cellular organisms;d_Bacteria
k141_1476	266834	strain	Sinorhizobium meliloti 1021	1	1	1	1.000	unknown;Pseudomonadota;Rhizobiaceae	-_cellular organisms;d_Bacteria;p_Pseudomonadota;c_Alphaproteobacteria;o_Hyphomicrobiales;f_Rhizobiaceae;-_Sinorhizobium/Ensifer group;g_Sinorhizobium;s_Sinorhizobium meliloti;-_Sinorhizobium meliloti 1021
k141_41659	269798	strain	Cytophaga hutchinsonii ATCC 33406	2	2	1	0.500	unknown;Bacteroidota;Cytophagaceae	-_cellular organisms;d_Bacteria;-_FCB group;-_Bacteroidetes/Chlorobi group;p_Bacteroidota;c_Cytophagia;o_Cytophagales;f_Cytophagaceae;g_Cytophaga;s_Cytophaga hutchinsonii;-_Cytophaga hutchinsonii ATCC 33406
k141_12109	269798	strain	Cytophaga hutchinsonii ATCC 33406	2	2	1	0.500	unknown;Bacteroidota;Cytophagaceae	-_cellular organisms;d_Bacteria;-_FCB group;-_Bacteroidetes/Chlorobi group;p_Bacteroidota;c_Cytophagia;o_Cytophagales;f_Cytophagaceae;g_Cytophaga;s_Cytophaga hutchinsonii;-_Cytophaga hutchinsonii ATCC 33406
k141_31314	131567	no rank	cellular organisms	1	1	1	1.000	unknown;unknown;unknown	-_cellular organisms
k141_12115	2	superkingdom	Bacteria	3	3	2	0.670	uc_Bacteria;uc_Bacteria;uc_Bacteria	-_cellular organisms;d_Bacteria
k141_74017	269798	strain	Cytophaga hutchinsonii ATCC 33406	2	2	1	0.500	unknown;Bacteroidota;Cytophagaceae	-_cellular organisms;d_Bacteria;-_FCB group;-_Bacteroidetes/Chlorobi group;p_Bacteroidota;c_Cytophagia;o_Cytophagales;f_Cytophagaceae;g_Cytophaga;s_Cytophaga hutchinsonii;-_Cytophaga hutchinsonii ATCC 33406
k141_51703	976	phylum	Bacteroidota	1	1	1	1.000	unknown;Bacteroidota;uc_Bacteroidota	-_cellular organisms;d_Bacteria;-_FCB group;-_Bacteroidetes/Chlorobi group;p_Bacteroidota
k141_8523	2	superkingdom	Bacteria	1	1	1	1.000	uc_Bacteria;uc_Bacteria;uc_Bacteria	-_cellular organisms;d_Bacteria
k141_555	91061	class	Bacilli	1	1	1	1.000	unknown;Bacillota;uc_Bacilli	-_cellular organisms;d_Bacteria;-_Terrabacteria group;p_Bacillota;c_Bacilli
k141_59785	2	superkingdom	Bacteria	3	3	3	1.000	uc_Bacteria;uc_Bacteria;uc_Bacteria	-_cellular organisms;d_Bacteria
k141_30163	224308	strain	Bacillus subtilis subsp. subtilis str. 168	2	2	1	0.500	unknown;Bacillota;Bacillaceae	-_cellular organisms;d_Bacteria;-_Terrabacteria group;p_Bacillota;c_Bacilli;o_Bacillales;f_Bacillaceae;g_Bacillus;-_Bacillus subtilis group;s_Bacillus subtilis;-_Bacillus subtilis subsp. subtilis;-_Bacillus subtilis subsp. subtilis str. 168
k141_8589	2	superkingdom	Bacteria	2	2	1	0.500	uc_Bacteria;uc_Bacteria;uc_Bacteria	-_cellular organisms;d_Bacteria
k141_78711	314146	superorder	Euarchontoglires	1	1	1	1.000	Metazoa;Chordata;uc_Euarchontoglires	-_cellular organisms;d_Eukaryota;-_Opisthokonta;k_Metazoa;-_Eumetazoa;-_Bilateria;-_Deuterostomia;p_Chordata;-_Craniata;-_Vertebrata;-_Gnathostomata;-_Teleostomi;-_Euteleostomi;-_Sarcopterygii;-_Dipnotetrapodomorpha;-_Tetrapoda;-_Amniota;c_Mammalia;-_Theria;-_Eutheria;-_Boreoeutheria;-_Euarchontoglires
k141_56936	0	no rank	unclassified	1	0	0	0.000		
k141_78755	543	family	Enterobacteriaceae	1	1	1	1.000	unknown;Pseudomonadota;Enterobacteriaceae	-_cellular organisms;d_Bacteria;p_Pseudomonadota;c_Gammaproteobacteria;o_Enterobacterales;f_Enterobacteriaceae
k141_73203	49546	family	Flavobacteriaceae	1	1	1	1.000	unknown;Bacteroidota;Flavobacteriaceae	-_cellular organisms;d_Bacteria;-_FCB group;-_Bacteroidetes/Chlorobi group;p_Bacteroidota;c_Flavobacteriia;o_Flavobacteriales;f_Flavobacteriaceae
k141_56692	976	phylum	Bacteroidota	2	2	1	0.500	unknown;Bacteroidota;uc_Bacteroidota	-_cellular organisms;d_Bacteria;-_FCB group;-_Bacteroidetes/Chlorobi group;p_Bacteroidota
k141_16236	269798	strain	Cytophaga hutchinsonii ATCC 33406	1	1	1	1.000	unknown;Bacteroidota;Cytophagaceae	-_cellular organisms;d_Bacteria;-_FCB group;-_Bacteroidetes/Chlorobi group;p_Bacteroidota;c_Cytophagia;o_Cytophagales;f_Cytophagaceae;g_Cytophaga;s_Cytophaga hutchinsonii;-_Cytophaga hutchinsonii ATCC 33406
k141_72920	83333	strain	Escherichia coli K-12	2	2	1	0.990	unknown;Pseudomonadota;Enterobacteriaceae	-_cellular organisms;d_Bacteria;p_Pseudomonadota;c_Gammaproteobacteria;o_Enterobacterales;f_Enterobacteriaceae;g_Escherichia;s_Escherichia coli;-_Escherichia coli K-12
k141_8164	976	phylum	Bacteroidota	1	1	1	1.000	unknown;Bacteroidota;uc_Bacteroidota	-_cellular organisms;d_Bacteria;-_FCB group;-_Bacteroidetes/Chlorobi group;p_Bacteroidota
k141_35154	1224	phylum	Pseudomonadota	2	1	1	1.000	unknown;Pseudomonadota;uc_Pseudomonadota	-_cellular organisms;d_Bacteria;p_Pseudomonadota
k141_32452	2	superkingdom	Bacteria	1	1	1	1.000	uc_Bacteria;uc_Bacteria;uc_Bacteria	-_cellular organisms;d_Bacteria
k141_64831	1224	phylum	Pseudomonadota	1	1	1	1.000	unknown;Pseudomonadota;uc_Pseudomonadota	-_cellular organisms;d_Bacteria;p_Pseudomonadota
k141_56758	91347	order	Enterobacterales	1	1	1	1.000	unknown;Pseudomonadota;uc_Enterobacterales	-_cellular organisms;d_Bacteria;p_Pseudomonadota;c_Gammaproteobacteria;o_Enterobacterales
k141_75624	2	superkingdom	Bacteria	1	1	1	1.000	uc_Bacteria;uc_Bacteria;uc_Bacteria	-_cellular organisms;d_Bacteria
k141_48676	83332	strain	Mycobacterium tuberculosis H37Rv	1	1	1	1.000	unknown;Actinomycetota;Mycobacteriaceae	-_cellular organisms;d_Bacteria;-_Terrabacteria group;p_Actinomycetota;c_Actinomycetes;o_Corynebacteriales;f_Mycobacteriaceae;g_Mycobacterium;-_Mycobacterium tuberculosis complex;s_Mycobacterium tuberculosis;-_Mycobacterium tuberculosis H37Rv
k141_42817	91347	order	Enterobacterales	1	1	1	1.000	unknown;Pseudomonadota;uc_Enterobacterales	-_cellular organisms;d_Bacteria;p_Pseudomonadota;c_Gammaproteobacteria;o_Enterobacterales
k141_86111	2	superkingdom	Bacteria	1	1	1	1.000	uc_Bacteria;uc_Bacteria;uc_Bacteria	-_cellular organisms;d_Bacteria
k141_42861	131567	no rank	cellular organisms	1	1	1	1.000	unknown;unknown;unknown	-_cellular organisms
k141_42887	2	superkingdom	Bacteria	1	1	1	1.000	uc_Bacteria;uc_Bacteria;uc_Bacteria	-_cellular organisms;d_Bacteria
k141_18734	0	no rank	unclassified	1	0	0	0.000		
k141_37651	226186	strain	Bacteroides thetaiotaomicron VPI-5482	1	1	1	1.000	unknown;Bacteroidota;Bacteroidaceae	-_cellular organisms;d_Bacteria;-_FCB group;-_Bacteroidetes/Chlorobi group;p_Bacteroidota;c_Bacteroidia;o_Bacteroidales;f_Bacteroidaceae;g_Bacteroides;s_Bacteroides thetaiotaomicron;-_Bacteroides thetaiotaomicron VPI-5482
k141_35067	0	no rank	unclassified	1	0	0	0.000		
k141_42971	1762	family	Mycobacteriaceae	1	1	1	1.000	unknown;Actinomycetota;Mycobacteriaceae	-_cellular organisms;d_Bacteria;-_Terrabacteria group;p_Actinomycetota;c_Actinomycetes;o_Corynebacteriales;f_Mycobacteriaceae
k141_77413	71421	strain	Haemophilus influenzae Rd KW20	1	1	1	1.000	unknown;Pseudomonadota;Pasteurellaceae	-_cellular organisms;d_Bacteria;p_Pseudomonadota;c_Gammaproteobacteria;o_Pasteurellales;f_Pasteurellaceae;g_Haemophilus;s_Haemophilus influenzae;-_Haemophilus influenzae Rd KW20
k141_63953	224308	strain	Bacillus subtilis subsp. subtilis str. 168	1	1	1	1.000	unknown;Bacillota;Bacillaceae	-_cellular organisms;d_Bacteria;-_Terrabacteria group;p_Bacillota;c_Bacilli;o_Bacillales;f_Bacillaceae;g_Bacillus;-_Bacillus subtilis group;s_Bacillus subtilis;-_Bacillus subtilis subsp. subtilis;-_Bacillus subtilis subsp. subtilis str. 168
k141_71838	186817	family	Bacillaceae	1	1	1	1.000	unknown;Bacillota;Bacillaceae	-_cellular organisms;d_Bacteria;-_Terrabacteria group;p_Bacillota;c_Bacilli;o_Bacillales;f_Bacillaceae
k141_82773	243232	strain	Methanocaldococcus jannaschii DSM 2661	1	1	1	1.000	unknown;Euryarchaeota;Methanocaldococcaceae	-_cellular organisms;d_Archaea;p_Euryarchaeota;-_Methanomada group;c_Methanococci;o_Methanococcales;f_Methanocaldococcaceae;g_Methanocaldococcus;s_Methanocaldococcus jannaschii;-_Methanocaldococcus jannaschii DSM 2661
k141_2115	976	phylum	Bacteroidota	1	1	1	1.000	unknown;Bacteroidota;uc_Bacteroidota	-_cellular organisms;d_Bacteria;-_FCB group;-_Bacteroidetes/Chlorobi group;p_Bacteroidota
k141_17949	2	superkingdom	Bacteria	1	1	1	1.000	uc_Bacteria;uc_Bacteria;uc_Bacteria	-_cellular organisms;d_Bacteria
k141_15408	543	family	Enterobacteriaceae	1	1	1	1.000	unknown;Pseudomonadota;Enterobacteriaceae	-_cellular organisms;d_Bacteria;p_Pseudomonadota;c_Gammaproteobacteria;o_Enterobacterales;f_Enterobacteriaceae
k141_31658	1437183	clade	Mesangiospermae	1	1	1	1.000	Viridiplantae;Streptophyta;unknown	-_cellular organisms;d_Eukaryota;k_Viridiplantae;p_Streptophyta;-_Streptophytina;-_Embryophyta;-_Tracheophyta;-_Euphyllophyta;-_Spermatophyta;c_Magnoliopsida;-_Mesangiospermae
k141_4681	224308	strain	Bacillus subtilis subsp. subtilis str. 168	2	2	1	0.500	unknown;Bacillota;Bacillaceae	-_cellular organisms;d_Bacteria;-_Terrabacteria group;p_Bacillota;c_Bacilli;o_Bacillales;f_Bacillaceae;g_Bacillus;-_Bacillus subtilis group;s_Bacillus subtilis;-_Bacillus subtilis subsp. subtilis;-_Bacillus subtilis subsp. subtilis str. 168
k141_85798	314146	superorder	Euarchontoglires	2	2	1	0.500	Metazoa;Chordata;uc_Euarchontoglires	-_cellular organisms;d_Eukaryota;-_Opisthokonta;k_Metazoa;-_Eumetazoa;-_Bilateria;-_Deuterostomia;p_Chordata;-_Craniata;-_Vertebrata;-_Gnathostomata;-_Teleostomi;-_Euteleostomi;-_Sarcopterygii;-_Dipnotetrapodomorpha;-_Tetrapoda;-_Amniota;c_Mammalia;-_Theria;-_Eutheria;-_Boreoeutheria;-_Euarchontoglires
k141_26007	976	phylum	Bacteroidota	2	2	2	1.000	unknown;Bacteroidota;uc_Bacteroidota	-_cellular organisms;d_Bacteria;-_FCB group;-_Bacteroidetes/Chlorobi group;p_Bacteroidota
k141_71917	226186	strain	Bacteroides thetaiotaomicron VPI-5482	1	1	1	1.000	unknown;Bacteroidota;Bacteroidaceae	-_cellular organisms;d_Bacteria;-_FCB group;-_Bacteroidetes/Chlorobi group;p_Bacteroidota;c_Bacteroidia;o_Bacteroidales;f_Bacteroidaceae;g_Bacteroides;s_Bacteroides thetaiotaomicron;-_Bacteroides thetaiotaomicron VPI-5482
k141_47784	44689	species	Dictyostelium discoideum	2	2	1	0.500	unknown;Evosea;Dictyosteliaceae	-_cellular organisms;d_Eukaryota;-_Amoebozoa;p_Evosea;c_Eumycetozoa;-_Dictyostelia;o_Dictyosteliales;f_Dictyosteliaceae;g_Dictyostelium;s_Dictyostelium discoideum
k141_20745	976	phylum	Bacteroidota	1	1	1	1.000	unknown;Bacteroidota;uc_Bacteroidota	-_cellular organisms;d_Bacteria;-_FCB group;-_Bacteroidetes/Chlorobi group;p_Bacteroidota
k141_62890	761659	strain	Salinibacter ruber M8	1	1	1	1.000	unknown;Bacteroidota;Rhodothermaceae	-_cellular organisms;d_Bacteria;-_FCB group;-_Bacteroidetes/Chlorobi group;p_Bacteroidota;-_Bacteroidetes incertae sedis;f_Rhodothermaceae;g_Salinibacter;s_Salinibacter ruber;-_Salinibacter ruber M8
k141_12447	237	genus	Flavobacterium	3	3	2	0.670	unknown;Bacteroidota;Flavobacteriaceae	-_cellular organisms;d_Bacteria;-_FCB group;-_Bacteroidetes/Chlorobi group;p_Bacteroidota;c_Flavobacteriia;o_Flavobacteriales;f_Flavobacteriaceae;g_Flavobacterium
k141_50340	2	superkingdom	Bacteria	2	2	1	0.500	uc_Bacteria;uc_Bacteria;uc_Bacteria	-_cellular organisms;d_Bacteria
k141_34182	211586	strain	Shewanella oneidensis MR-1	1	1	1	1.000	unknown;Pseudomonadota;Shewanellaceae	-_cellular organisms;d_Bacteria;p_Pseudomonadota;c_Gammaproteobacteria;o_Alteromonadales;f_Shewanellaceae;g_Shewanella;s_Shewanella oneidensis;-_Shewanella oneidensis MR-1
k141_62961	976	phylum	Bacteroidota	1	1	1	1.000	unknown;Bacteroidota;uc_Bacteroidota	-_cellular organisms;d_Bacteria;-_FCB group;-_Bacteroidetes/Chlorobi group;p_Bacteroidota
k141_47854	543	family	Enterobacteriaceae	1	1	1	1.000	unknown;Pseudomonadota;Enterobacteriaceae	-_cellular organisms;d_Bacteria;p_Pseudomonadota;c_Gammaproteobacteria;o_Enterobacterales;f_Enterobacteriaceae
k141_61337	227321	strain	Aspergillus nidulans FGSC A4	1	1	1	1.000	Fungi;Ascomycota;Aspergillaceae	-_cellular organisms;d_Eukaryota;-_Opisthokonta;k_Fungi;-_Dikarya;p_Ascomycota;-_saccharomyceta;-_Pezizomycotina;-_leotiomyceta;c_Eurotiomycetes;-_Eurotiomycetidae;o_Eurotiales;f_Aspergillaceae;g_Aspergillus;-_Aspergillus subgen. Nidulantes;s_Aspergillus nidulans;-_Aspergillus nidulans FGSC A4
k141_82756	224324	strain	Aquifex aeolicus VF5	1	1	1	1.000	unknown;Aquificae;Aquificaceae	-_cellular organisms;d_Bacteria;p_Aquificae;c_Aquificae;o_Aquificales;f_Aquificaceae;g_Aquifex;s_Aquifex aeolicus;-_Aquifex aeolicus VF5
k141_20543	91347	order	Enterobacterales	2	2	1	0.500	unknown;Pseudomonadota;uc_Enterobacterales	-_cellular organisms;d_Bacteria;p_Pseudomonadota;c_Gammaproteobacteria;o_Enterobacterales
k141_28641	5061	species	Aspergillus niger	2	2	1	0.500	Fungi;Ascomycota;Aspergillaceae	-_cellular organisms;d_Eukaryota;-_Opisthokonta;k_Fungi;-_Dikarya;p_Ascomycota;-_saccharomyceta;-_Pezizomycotina;-_leotiomyceta;c_Eurotiomycetes;-_Eurotiomycetidae;o_Eurotiales;f_Aspergillaceae;g_Aspergillus;-_Aspergillus subgen. Circumdati;s_Aspergillus niger
k141_80049	269798	strain	Cytophaga hutchinsonii ATCC 33406	1	1	1	1.000	unknown;Bacteroidota;Cytophagaceae	-_cellular organisms;d_Bacteria;-_FCB group;-_Bacteroidetes/Chlorobi group;p_Bacteroidota;c_Cytophagia;o_Cytophagales;f_Cytophagaceae;g_Cytophaga;s_Cytophaga hutchinsonii;-_Cytophaga hutchinsonii ATCC 33406
k141_76552	559292	strain	Saccharomyces cerevisiae S288C	1	1	1	1.000	Fungi;Ascomycota;Saccharomycetaceae	-_cellular organisms;d_Eukaryota;-_Opisthokonta;k_Fungi;-_Dikarya;p_Ascomycota;-_saccharomyceta;-_Saccharomycotina;c_Saccharomycetes;o_Saccharomycetales;f_Saccharomycetaceae;g_Saccharomyces;s_Saccharomyces cerevisiae;-_Saccharomyces cerevisiae S288C
k141_53003	91061	class	Bacilli	1	1	1	1.000	unknown;Bacillota;uc_Bacilli	-_cellular organisms;d_Bacteria;-_Terrabacteria group;p_Bacillota;c_Bacilli
k141_62798	171549	order	Bacteroidales	1	1	1	1.000	unknown;Bacteroidota;uc_Bacteroidales	-_cellular organisms;d_Bacteria;-_FCB group;-_Bacteroidetes/Chlorobi group;p_Bacteroidota;c_Bacteroidia;o_Bacteroidales
k141_61160	269798	strain	Cytophaga hutchinsonii ATCC 33406	1	1	1	1.000	unknown;Bacteroidota;Cytophagaceae	-_cellular organisms;d_Bacteria;-_FCB group;-_Bacteroidetes/Chlorobi group;p_Bacteroidota;c_Cytophagia;o_Cytophagales;f_Cytophagaceae;g_Cytophaga;s_Cytophaga hutchinsonii;-_Cytophaga hutchinsonii ATCC 33406
k141_25749	224308	strain	Bacillus subtilis subsp. subtilis str. 168	2	2	1	0.500	unknown;Bacillota;Bacillaceae	-_cellular organisms;d_Bacteria;-_Terrabacteria group;p_Bacillota;c_Bacilli;o_Bacillales;f_Bacillaceae;g_Bacillus;-_Bacillus subtilis group;s_Bacillus subtilis;-_Bacillus subtilis subsp. subtilis;-_Bacillus subtilis subsp. subtilis str. 168
k141_74362	976	phylum	Bacteroidota	2	1	1	1.000	unknown;Bacteroidota;uc_Bacteroidota	-_cellular organisms;d_Bacteria;-_FCB group;-_Bacteroidetes/Chlorobi group;p_Bacteroidota
k141_25814	28211	class	Alphaproteobacteria	2	2	1	0.500	unknown;Pseudomonadota;uc_Alphaproteobacteria	-_cellular organisms;d_Bacteria;p_Pseudomonadota;c_Alphaproteobacteria
k141_53821	0	no rank	unclassified	1	0	0	0.000		
k141_83300	224308	strain	Bacillus subtilis subsp. subtilis str. 168	2	1	1	1.000	unknown;Bacillota;Bacillaceae	-_cellular organisms;d_Bacteria;-_Terrabacteria group;p_Bacillota;c_Bacilli;o_Bacillales;f_Bacillaceae;g_Bacillus;-_Bacillus subtilis group;s_Bacillus subtilis;-_Bacillus subtilis subsp. subtilis;-_Bacillus subtilis subsp. subtilis str. 168
k141_21362	1437183	clade	Mesangiospermae	1	1	1	1.000	Viridiplantae;Streptophyta;unknown	-_cellular organisms;d_Eukaryota;k_Viridiplantae;p_Streptophyta;-_Streptophytina;-_Embryophyta;-_Tracheophyta;-_Euphyllophyta;-_Spermatophyta;c_Magnoliopsida;-_Mesangiospermae
k141_67403	1783272	clade	Terrabacteria group	1	1	1	1.000	unknown;unknown;unknown	-_cellular organisms;d_Bacteria;-_Terrabacteria group
k141_37430	171549	order	Bacteroidales	3	3	2	0.670	unknown;Bacteroidota;uc_Bacteroidales	-_cellular organisms;d_Bacteria;-_FCB group;-_Bacteroidetes/Chlorobi group;p_Bacteroidota;c_Bacteroidia;o_Bacteroidales
k141_83415	224308	strain	Bacillus subtilis subsp. subtilis str. 168	2	1	1	1.000	unknown;Bacillota;Bacillaceae	-_cellular organisms;d_Bacteria;-_Terrabacteria group;p_Bacillota;c_Bacilli;o_Bacillales;f_Bacillaceae;g_Bacillus;-_Bacillus subtilis group;s_Bacillus subtilis;-_Bacillus subtilis subsp. subtilis;-_Bacillus subtilis subsp. subtilis str. 168
k141_56606	224324	strain	Aquifex aeolicus VF5	2	2	1	0.500	unknown;Aquificae;Aquificaceae	-_cellular organisms;d_Bacteria;p_Aquificae;c_Aquificae;o_Aquificales;f_Aquificaceae;g_Aquifex;s_Aquifex aeolicus;-_Aquifex aeolicus VF5
k141_34866	2	superkingdom	Bacteria	1	1	1	1.000	uc_Bacteria;uc_Bacteria;uc_Bacteria	-_cellular organisms;d_Bacteria
k141_80785	768507	order	Cytophagales	2	2	1	0.910	unknown;Bacteroidota;uc_Cytophagales	-_cellular organisms;d_Bacteria;-_FCB group;-_Bacteroidetes/Chlorobi group;p_Bacteroidota;c_Cytophagia;o_Cytophagales
k141_34869	1224	phylum	Pseudomonadota	1	1	1	1.000	unknown;Pseudomonadota;uc_Pseudomonadota	-_cellular organisms;d_Bacteria;p_Pseudomonadota
k141_1570	976	phylum	Bacteroidota	2	2	2	1.000	unknown;Bacteroidota;uc_Bacteroidota	-_cellular organisms;d_Bacteria;-_FCB group;-_Bacteroidetes/Chlorobi group;p_Bacteroidota
k141_47490	402612	strain	Flavobacterium psychrophilum JIP02/86	1	1	1	1.000	unknown;Bacteroidota;Flavobacteriaceae	-_cellular organisms;d_Bacteria;-_FCB group;-_Bacteroidetes/Chlorobi group;p_Bacteroidota;c_Flavobacteriia;o_Flavobacteriales;f_Flavobacteriaceae;g_Flavobacterium;s_Flavobacterium psychrophilum;-_Flavobacterium psychrophilum JIP02/86
k141_36243	1224	phylum	Pseudomonadota	4	4	3	0.750	unknown;Pseudomonadota;uc_Pseudomonadota	-_cellular organisms;d_Bacteria;p_Pseudomonadota
k141_62626	28211	class	Alphaproteobacteria	2	2	1	0.500	unknown;Pseudomonadota;uc_Alphaproteobacteria	-_cellular organisms;d_Bacteria;p_Pseudomonadota;c_Alphaproteobacteria
k141_25543	976	phylum	Bacteroidota	1	1	1	1.000	unknown;Bacteroidota;uc_Bacteroidota	-_cellular organisms;d_Bacteria;-_FCB group;-_Bacteroidetes/Chlorobi group;p_Bacteroidota
k141_20396	0	no rank	unclassified	1	0	0	0.000		
k141_12162	173	species	Leptospira interrogans	1	1	1	1.000	unknown;Spirochaetota;Leptospiraceae	-_cellular organisms;d_Bacteria;p_Spirochaetota;c_Spirochaetia;o_Leptospirales;f_Leptospiraceae;g_Leptospira;s_Leptospira interrogans
k141_82400	1783272	clade	Terrabacteria group	1	1	1	1.000	unknown;unknown;unknown	-_cellular organisms;d_Bacteria;-_Terrabacteria group
k141_12181	670	species	Vibrio parahaemolyticus	2	2	1	0.500	unknown;Pseudomonadota;Vibrionaceae	-_cellular organisms;d_Bacteria;p_Pseudomonadota;c_Gammaproteobacteria;o_Vibrionales;f_Vibrionaceae;g_Vibrio;-_Vibrio harveyi group;s_Vibrio parahaemolyticus
k141_85362	63737	strain	Nostoc punctiforme PCC 73102	1	1	1	1.000	unknown;Cyanobacteriota;Nostocaceae	-_cellular organisms;d_Bacteria;-_Terrabacteria group;-_Cyanobacteriota/Melainabacteria group;p_Cyanobacteriota;c_Cyanophyceae;o_Nostocales;f_Nostocaceae;g_Nostoc;s_Nostoc punctiforme;-_Nostoc punctiforme PCC 73102
k141_69326	1385	order	Bacillales	2	2	1	0.500	unknown;Bacillota;uc_Bacillales	-_cellular organisms;d_Bacteria;-_Terrabacteria group;p_Bacillota;c_Bacilli;o_Bacillales
k141_77007	91061	class	Bacilli	1	1	1	1.000	unknown;Bacillota;uc_Bacilli	-_cellular organisms;d_Bacteria;-_Terrabacteria group;p_Bacillota;c_Bacilli
k141_5321	131567	no rank	cellular organisms	1	1	1	1.000	unknown;unknown;unknown	-_cellular organisms
k141_5326	224308	strain	Bacillus subtilis subsp. subtilis str. 168	1	1	1	1.000	unknown;Bacillota;Bacillaceae	-_cellular organisms;d_Bacteria;-_Terrabacteria group;p_Bacillota;c_Bacilli;o_Bacillales;f_Bacillaceae;g_Bacillus;-_Bacillus subtilis group;s_Bacillus subtilis;-_Bacillus subtilis subsp. subtilis;-_Bacillus subtilis subsp. subtilis str. 168
k141_18416	269798	strain	Cytophaga hutchinsonii ATCC 33406	1	1	1	1.000	unknown;Bacteroidota;Cytophagaceae	-_cellular organisms;d_Bacteria;-_FCB group;-_Bacteroidetes/Chlorobi group;p_Bacteroidota;c_Cytophagia;o_Cytophagales;f_Cytophagaceae;g_Cytophaga;s_Cytophaga hutchinsonii;-_Cytophaga hutchinsonii ATCC 33406
k141_48501	2	superkingdom	Bacteria	2	2	2	1.000	uc_Bacteria;uc_Bacteria;uc_Bacteria	-_cellular organisms;d_Bacteria
k141_10278	171549	order	Bacteroidales	3	3	2	0.510	unknown;Bacteroidota;uc_Bacteroidales	-_cellular organisms;d_Bacteria;-_FCB group;-_Bacteroidetes/Chlorobi group;p_Bacteroidota;c_Bacteroidia;o_Bacteroidales
k141_42575	269798	strain	Cytophaga hutchinsonii ATCC 33406	1	1	1	1.000	unknown;Bacteroidota;Cytophagaceae	-_cellular organisms;d_Bacteria;-_FCB group;-_Bacteroidetes/Chlorobi group;p_Bacteroidota;c_Cytophagia;o_Cytophagales;f_Cytophagaceae;g_Cytophaga;s_Cytophaga hutchinsonii;-_Cytophaga hutchinsonii ATCC 33406
k141_72488	83333	strain	Escherichia coli K-12	3	3	2	0.670	unknown;Pseudomonadota;Enterobacteriaceae	-_cellular organisms;d_Bacteria;p_Pseudomonadota;c_Gammaproteobacteria;o_Enterobacterales;f_Enterobacteriaceae;g_Escherichia;s_Escherichia coli;-_Escherichia coli K-12
k141_83227	0	no rank	unclassified	1	0	0	0.000		
k141_39985	44689	species	Dictyostelium discoideum	2	2	1	0.500	unknown;Evosea;Dictyosteliaceae	-_cellular organisms;d_Eukaryota;-_Amoebozoa;p_Evosea;c_Eumycetozoa;-_Dictyostelia;o_Dictyosteliales;f_Dictyosteliaceae;g_Dictyostelium;s_Dictyostelium discoideum
k141_64561	837	species	Porphyromonas gingivalis	1	1	1	1.000	unknown;Bacteroidota;Porphyromonadaceae	-_cellular organisms;d_Bacteria;-_FCB group;-_Bacteroidetes/Chlorobi group;p_Bacteroidota;c_Bacteroidia;o_Bacteroidales;f_Porphyromonadaceae;g_Porphyromonas;s_Porphyromonas gingivalis
k141_78144	131567	no rank	cellular organisms	1	1	1	1.000	unknown;unknown;unknown	-_cellular organisms
k141_58951	0	no rank	unclassified	1	0	0	0.000		
k141_64615	49546	family	Flavobacteriaceae	2	2	1	0.500	unknown;Bacteroidota;Flavobacteriaceae	-_cellular organisms;d_Bacteria;-_FCB group;-_Bacteroidetes/Chlorobi group;p_Bacteroidota;c_Flavobacteriia;o_Flavobacteriales;f_Flavobacteriaceae
k141_59095	269798	strain	Cytophaga hutchinsonii ATCC 33406	1	1	1	1.000	unknown;Bacteroidota;Cytophagaceae	-_cellular organisms;d_Bacteria;-_FCB group;-_Bacteroidetes/Chlorobi group;p_Bacteroidota;c_Cytophagia;o_Cytophagales;f_Cytophagaceae;g_Cytophaga;s_Cytophaga hutchinsonii;-_Cytophaga hutchinsonii ATCC 33406
k141_40224	190304	strain	Fusobacterium nucleatum subsp. nucleatum ATCC 25586	2	2	1	0.500	unknown;Fusobacteriota;Fusobacteriaceae	-_cellular organisms;d_Bacteria;p_Fusobacteriota;c_Fusobacteriia;o_Fusobacteriales;f_Fusobacteriaceae;g_Fusobacterium;s_Fusobacterium nucleatum;-_Fusobacterium nucleatum subsp. nucleatum;-_Fusobacterium nucleatum subsp. nucleatum ATCC 25586
k141_40229	976	phylum	Bacteroidota	1	1	1	1.000	unknown;Bacteroidota;uc_Bacteroidota	-_cellular organisms;d_Bacteria;-_FCB group;-_Bacteroidetes/Chlorobi group;p_Bacteroidota
k141_40400	1224	phylum	Pseudomonadota	2	2	1	0.500	unknown;Pseudomonadota;uc_Pseudomonadota	-_cellular organisms;d_Bacteria;p_Pseudomonadota
k141_24288	402612	strain	Flavobacterium psychrophilum JIP02/86	1	1	1	1.000	unknown;Bacteroidota;Flavobacteriaceae	-_cellular organisms;d_Bacteria;-_FCB group;-_Bacteroidetes/Chlorobi group;p_Bacteroidota;c_Flavobacteriia;o_Flavobacteriales;f_Flavobacteriaceae;g_Flavobacterium;s_Flavobacterium psychrophilum;-_Flavobacterium psychrophilum JIP02/86
k141_64187	976	phylum	Bacteroidota	2	2	1	0.500	unknown;Bacteroidota;uc_Bacteroidota	-_cellular organisms;d_Bacteria;-_FCB group;-_Bacteroidetes/Chlorobi group;p_Bacteroidota
k141_58557	2	superkingdom	Bacteria	1	1	1	1.000	uc_Bacteria;uc_Bacteria;uc_Bacteria	-_cellular organisms;d_Bacteria
k141_7894	976	phylum	Bacteroidota	2	2	2	1.000	unknown;Bacteroidota;uc_Bacteroidota	-_cellular organisms;d_Bacteria;-_FCB group;-_Bacteroidetes/Chlorobi group;p_Bacteroidota
k141_24218	49546	family	Flavobacteriaceae	2	2	1	0.500	unknown;Bacteroidota;Flavobacteriaceae	-_cellular organisms;d_Bacteria;-_FCB group;-_Bacteroidetes/Chlorobi group;p_Bacteroidota;c_Flavobacteriia;o_Flavobacteriales;f_Flavobacteriaceae
k141_64400	131567	no rank	cellular organisms	1	1	1	1.000	unknown;unknown;unknown	-_cellular organisms
k141_58748	131567	no rank	cellular organisms	1	1	1	1.000	unknown;unknown;unknown	-_cellular organisms
k141_8021	543	family	Enterobacteriaceae	1	1	1	1.000	unknown;Pseudomonadota;Enterobacteriaceae	-_cellular organisms;d_Bacteria;p_Pseudomonadota;c_Gammaproteobacteria;o_Enterobacterales;f_Enterobacteriaceae
k141_64452	28216	class	Betaproteobacteria	1	1	1	1.000	unknown;Pseudomonadota;uc_Betaproteobacteria	-_cellular organisms;d_Bacteria;p_Pseudomonadota;c_Betaproteobacteria
k141_8081	131567	no rank	cellular organisms	1	1	1	1.000	unknown;unknown;unknown	-_cellular organisms
k141_58825	131567	no rank	cellular organisms	1	1	1	1.000	unknown;unknown;unknown	-_cellular organisms
k141_44964	837	species	Porphyromonas gingivalis	1	1	1	1.000	unknown;Bacteroidota;Porphyromonadaceae	-_cellular organisms;d_Bacteria;-_FCB group;-_Bacteroidetes/Chlorobi group;p_Bacteroidota;c_Bacteroidia;o_Bacteroidales;f_Porphyromonadaceae;g_Porphyromonas;s_Porphyromonas gingivalis
k141_66781	131567	no rank	cellular organisms	1	1	1	1.000	unknown;unknown;unknown	-_cellular organisms
k141_42124	2	superkingdom	Bacteria	2	2	1	0.950	uc_Bacteria;uc_Bacteria;uc_Bacteria	-_cellular organisms;d_Bacteria
k141_36753	378806	strain	Stigmatella aurantiaca DW4/3-1	1	1	1	1.000	unknown;Pseudomonadota;Archangiaceae	-_cellular organisms;d_Bacteria;p_Pseudomonadota;-_delta/epsilon subdivisions;c_Deltaproteobacteria;o_Myxococcales;-_Cystobacterineae;f_Archangiaceae;g_Stigmatella;s_Stigmatella aurantiaca;-_Stigmatella aurantiaca DW4/3-1
k141_20900	0	no rank	unclassified	1	0	0	0.000		
k141_85857	224326	strain	Borreliella burgdorferi B31	1	1	1	1.000	unknown;Spirochaetota;Borreliaceae	-_cellular organisms;d_Bacteria;p_Spirochaetota;c_Spirochaetia;o_Spirochaetales;f_Borreliaceae;g_Borreliella;s_Borreliella burgdorferi;-_Borreliella burgdorferi B31
k141_74543	290402	strain	Clostridium beijerinckii NCIMB 8052	2	2	1	0.500	unknown;Bacillota;Clostridiaceae	-_cellular organisms;d_Bacteria;-_Terrabacteria group;p_Bacillota;c_Clostridia;o_Eubacteriales;f_Clostridiaceae;g_Clostridium;s_Clostridium beijerinckii;-_Clostridium beijerinckii NCIMB 8052
k141_72027	2	superkingdom	Bacteria	1	1	1	1.000	uc_Bacteria;uc_Bacteria;uc_Bacteria	-_cellular organisms;d_Bacteria
k141_4844	49546	family	Flavobacteriaceae	2	2	1	0.500	unknown;Bacteroidota;Flavobacteriaceae	-_cellular organisms;d_Bacteria;-_FCB group;-_Bacteroidetes/Chlorobi group;p_Bacteroidota;c_Flavobacteriia;o_Flavobacteriales;f_Flavobacteriaceae
k141_36859	28221	class	Deltaproteobacteria	1	1	1	1.000	unknown;Pseudomonadota;uc_Deltaproteobacteria	-_cellular organisms;d_Bacteria;p_Pseudomonadota;-_delta/epsilon subdivisions;c_Deltaproteobacteria
k141_54577	2	superkingdom	Bacteria	6	5	4	0.800	uc_Bacteria;uc_Bacteria;uc_Bacteria	-_cellular organisms;d_Bacteria
k141_81855	2	superkingdom	Bacteria	1	1	1	1.000	uc_Bacteria;uc_Bacteria;uc_Bacteria	-_cellular organisms;d_Bacteria
k141_65509	1224	phylum	Pseudomonadota	3	3	2	0.670	unknown;Pseudomonadota;uc_Pseudomonadota	-_cellular organisms;d_Bacteria;p_Pseudomonadota
k141_16744	2	superkingdom	Bacteria	1	1	1	1.000	uc_Bacteria;uc_Bacteria;uc_Bacteria	-_cellular organisms;d_Bacteria
k141_16751	976	phylum	Bacteroidota	1	1	1	1.000	unknown;Bacteroidota;uc_Bacteroidota	-_cellular organisms;d_Bacteria;-_FCB group;-_Bacteroidetes/Chlorobi group;p_Bacteroidota
k141_41119	2	superkingdom	Bacteria	1	1	1	1.000	uc_Bacteria;uc_Bacteria;uc_Bacteria	-_cellular organisms;d_Bacteria
k141_49398	33213	clade	Bilateria	2	1	1	1.000	Metazoa;unknown;unknown	-_cellular organisms;d_Eukaryota;-_Opisthokonta;k_Metazoa;-_Eumetazoa;-_Bilateria
k141_41136	83333	strain	Escherichia coli K-12	1	1	1	1.000	unknown;Pseudomonadota;Enterobacteriaceae	-_cellular organisms;d_Bacteria;p_Pseudomonadota;c_Gammaproteobacteria;o_Enterobacterales;f_Enterobacteriaceae;g_Escherichia;s_Escherichia coli;-_Escherichia coli K-12
k141_65602	2	superkingdom	Bacteria	1	1	1	1.000	uc_Bacteria;uc_Bacteria;uc_Bacteria	-_cellular organisms;d_Bacteria
k141_68018	976	phylum	Bacteroidota	1	1	1	1.000	unknown;Bacteroidota;uc_Bacteroidota	-_cellular organisms;d_Bacteria;-_FCB group;-_Bacteroidetes/Chlorobi group;p_Bacteroidota
